Time,Day_of_week,Age_band_of_driver,Sex_of_driver,Educational_level,Vehicle_driver_relation,Driving_experience,Type_of_vehicle,Owner_of_vehicle,Area_accident_occured,Lanes_or_Medians,Road_allignment,Types_of_Junction,Road_surface_type,Road_surface_conditions,Light_conditions,Weather_conditions,Type_of_collision,Number_of_vehicles_involved,Number_of_casualties,Vehicle_movement,Casualty_class,Sex_of_casualty,Age_band_of_casualty,Casualty_severity,Pedestrian_movement,Cause_of_accident,Accident_severity
433,5,4,0,4,0,2,5,3,7,0,5,1,0,0,0,2,8,1,1,2,2,1,1,2,3,1,2
948,5,0,1,4,0,2,5,3,7,2,5,7,0,0,3,2,8,2,1,2,1,1,4,2,5,13,2
948,5,1,1,4,0,2,0,3,9,2,5,7,0,0,3,2,8,2,1,9,1,0,4,2,5,10,2
83,5,1,1,4,0,2,5,3,7,6,5,0,0,0,3,2,8,1,1,0,1,0,1,2,5,3,2
963,6,0,1,4,0,2,0,3,2,4,5,0,0,3,3,4,8,2,1,0,3,2,5,3,5,10,2
963,6,1,1,4,0,0,9,3,7,4,5,0,0,3,3,4,2,2,1,0,3,2,5,3,5,9,2
698,6,4,0,0,2,2,0,3,6,4,5,7,0,0,0,2,8,1,1,0,0,0,1,2,5,10,2
535,1,4,1,4,0,1,14,3,6,2,5,0,0,0,0,2,1,2,1,4,0,1,0,2,5,9,2
535,1,1,1,4,2,2,0,3,9,4,5,0,0,0,0,2,8,2,1,0,3,2,5,3,5,11,2
200,2,1,1,2,0,1,5,3,7,2,5,1,0,0,3,2,2,1,1,9,0,1,1,2,5,0,1
662,3,1,1,4,0,3,7,3,4,4,5,7,0,0,0,2,8,1,1,0,3,2,5,3,5,10,1
442,5,4,0,4,0,4,8,3,6,2,5,0,0,0,3,2,8,1,1,0,1,0,3,2,5,13,2
1009,4,0,1,4,0,4,0,1,1,2,5,1,0,0,3,2,8,2,1,0,3,2,5,3,5,10,2
1009,4,1,1,4,2,2,5,3,9,2,5,1,0,0,3,2,8,2,1,0,0,1,0,2,5,11,2
486,4,0,1,4,0,1,0,3,9,4,5,0,0,0,3,2,8,1,1,0,1,1,3,2,5,9,2
5,0,2,1,4,0,2,10,3,2,4,3,7,3,3,0,2,6,2,2,4,0,1,1,2,5,11,2
5,0,2,1,1,0,5,0,3,9,4,5,7,0,3,0,2,2,2,2,2,2,1,1,2,5,10,2
5,0,1,1,4,0,3,5,3,7,6,5,7,0,3,0,2,8,2,2,2,0,1,1,2,5,11,2
731,4,0,1,4,2,3,9,3,7,4,5,0,0,0,0,2,8,2,1,4,0,0,1,2,5,3,2
731,4,0,1,4,0,3,6,3,7,3,5,0,0,0,0,2,2,2,1,2,2,0,1,2,5,7,2
374,0,1,1,4,0,3,9,3,2,3,5,0,0,0,3,2,8,2,2,2,3,2,5,3,5,3,2
374,0,1,1,4,2,2,5,0,7,3,5,0,0,0,3,2,8,2,2,2,0,0,0,2,5,0,2
374,0,1,1,4,0,4,0,3,2,3,5,0,0,0,3,2,8,2,2,2,3,2,5,3,5,12,2
471,0,1,1,4,0,1,5,3,2,2,5,0,0,0,0,2,8,2,1,2,0,1,1,2,5,1,2
471,0,1,1,4,0,2,14,3,7,4,5,0,0,0,0,2,8,2,1,7,2,1,3,2,5,1,2
335,0,1,1,0,0,0,8,0,7,4,5,1,1,0,3,2,8,1,1,3,2,1,0,2,1,10,2
545,0,1,1,4,0,0,0,3,12,6,5,7,0,0,0,2,1,1,1,5,3,2,5,3,5,10,2
1050,2,1,1,4,0,0,0,3,9,4,5,1,0,0,3,2,8,2,2,2,0,1,0,2,5,0,2
1050,2,1,1,5,0,2,0,3,7,2,5,1,0,0,3,2,2,2,2,2,3,2,5,3,5,1,2
265,2,2,1,4,0,3,7,3,6,4,5,1,0,0,3,2,8,1,1,2,0,1,0,2,5,12,2
598,3,4,1,4,0,3,0,3,9,4,5,1,0,0,0,2,8,1,3,2,1,1,3,2,5,0,1
598,3,4,1,4,0,2,10,3,7,1,3,1,0,0,0,2,8,1,3,2,3,2,5,3,5,12,1
598,3,4,1,4,0,1,10,3,9,2,5,1,0,0,0,2,8,1,3,2,0,1,1,2,5,9,1
676,2,1,1,4,0,4,0,3,9,4,5,1,0,0,0,2,8,2,1,2,3,2,5,3,5,18,2
676,2,0,1,4,0,0,9,3,9,2,5,1,0,0,0,2,8,2,1,2,1,0,0,2,5,10,2
634,4,1,1,4,0,2,9,3,7,6,5,0,0,0,0,2,8,2,1,2,2,0,0,2,1,10,2
634,4,4,1,4,0,4,5,3,7,4,5,0,0,0,0,2,8,2,1,2,0,1,0,2,5,10,2
162,1,1,1,1,0,2,0,3,7,1,5,7,0,0,3,2,8,2,1,2,3,2,5,3,5,0,2
162,1,0,1,4,0,1,8,3,3,4,5,7,0,0,3,2,2,2,1,4,0,1,0,2,5,12,2
48,1,4,1,4,0,2,8,3,9,4,5,7,0,0,3,2,8,2,1,2,3,2,5,3,5,2,2
48,1,1,1,1,0,2,5,3,9,1,5,7,0,0,3,2,2,2,1,3,0,1,3,2,5,16,2
994,1,0,1,4,0,3,0,3,9,4,5,7,0,0,3,2,8,2,1,4,3,2,5,3,5,13,2
994,1,0,1,4,0,0,14,3,7,2,5,7,0,0,3,2,8,2,1,2,2,0,4,2,5,0,2
955,1,1,1,2,0,4,6,3,6,2,5,1,0,0,3,2,8,2,1,2,0,1,0,2,5,11,2
955,1,1,1,1,0,3,0,3,7,6,5,1,0,0,3,2,1,2,1,2,3,2,5,3,5,0,2
929,5,1,1,2,2,0,7,3,6,0,5,5,0,0,3,2,8,2,1,2,0,0,0,2,5,10,2
929,5,0,1,4,0,1,0,3,9,2,5,5,0,0,3,2,8,2,1,2,3,2,5,3,5,9,2
260,5,1,1,4,0,2,0,3,6,0,1,0,0,0,3,2,8,1,1,2,2,0,3,2,2,0,2
91,5,0,1,2,2,1,0,3,6,0,5,7,0,0,3,2,1,2,1,2,2,1,1,2,3,13,2
91,5,1,1,2,0,3,11,1,7,0,5,7,0,0,3,2,2,2,1,2,3,2,5,3,5,10,2
416,6,1,1,4,0,0,0,3,6,2,5,7,0,0,3,2,8,1,1,2,3,2,5,3,5,9,2
708,4,1,1,1,0,0,7,3,6,2,5,7,0,0,0,2,8,1,1,4,0,1,1,2,5,10,2
211,4,1,1,2,0,0,0,0,6,1,5,7,0,0,3,2,8,2,1,7,2,1,4,2,1,0,2
211,4,0,1,0,0,2,7,3,7,4,5,7,0,0,3,2,8,2,1,4,0,1,1,2,5,0,2
572,4,0,1,4,0,2,5,3,9,2,5,0,0,0,0,2,8,1,1,4,3,2,5,3,5,11,2
429,4,1,1,4,0,2,8,3,9,2,1,0,0,0,3,2,8,2,1,7,2,0,3,2,1,0,2
429,4,0,1,1,2,2,10,3,2,2,5,0,0,0,3,2,8,2,1,2,3,2,5,3,5,3,2
953,6,0,1,1,0,2,0,3,7,2,5,0,0,0,3,2,2,2,1,2,0,1,0,2,5,3,2
953,6,4,1,2,2,2,8,3,9,2,5,0,0,0,3,2,2,2,1,2,3,2,5,3,5,11,2
958,5,0,1,4,0,2,0,3,7,4,5,1,0,3,3,4,8,1,1,2,0,1,4,2,5,7,2
958,4,0,1,4,2,0,5,3,9,4,5,7,0,0,3,2,8,2,1,9,1,0,3,2,5,10,2
958,4,4,1,4,0,1,0,3,9,2,5,7,0,0,3,2,8,2,1,2,2,0,3,2,5,0,2
438,6,4,1,4,2,2,5,3,7,2,5,1,0,0,3,2,8,1,1,2,1,0,0,2,5,12,2
60,2,1,1,4,2,3,5,3,7,2,5,1,0,0,3,2,8,2,1,2,3,2,5,3,5,10,2
60,2,0,1,2,0,2,5,3,7,4,5,1,0,0,3,2,6,2,1,2,3,2,5,3,5,11,2
906,1,1,1,2,2,1,10,3,7,0,5,7,0,0,3,2,8,2,1,2,0,0,1,2,5,11,2
906,1,0,1,4,0,2,0,3,9,2,5,7,0,0,3,2,2,2,1,3,3,2,5,3,5,12,2
996,0,1,1,1,0,1,7,3,1,4,5,1,0,0,3,2,1,1,1,2,3,2,5,3,5,3,1
183,0,3,1,1,0,2,7,3,7,6,5,5,0,0,3,3,8,1,1,2,1,0,2,2,5,1,1
198,0,0,1,4,0,0,7,3,6,4,5,1,0,0,3,2,8,2,1,9,0,1,0,2,5,0,2
198,0,1,1,4,0,2,0,3,7,4,5,1,0,0,3,2,8,2,1,2,3,2,5,3,5,9,2
578,0,1,1,4,0,2,7,3,6,4,5,0,0,0,0,2,8,2,1,2,0,0,3,2,5,3,2
578,0,1,1,1,0,3,5,3,6,1,5,0,0,0,0,2,8,2,1,2,3,2,5,3,5,4,2
1013,2,4,1,1,0,4,9,3,6,4,5,1,0,0,3,2,8,2,1,2,0,0,0,2,5,4,2
1013,2,1,1,4,0,1,5,3,7,4,5,1,0,0,3,2,8,2,1,2,3,2,5,3,5,11,2
158,2,1,1,1,2,0,9,0,7,0,5,0,0,0,3,2,2,1,1,2,1,0,1,2,5,0,2
578,2,2,1,4,2,2,5,3,6,3,5,1,0,0,0,2,6,3,1,3,0,1,0,2,5,1,2
578,2,4,1,4,0,1,7,3,9,6,5,1,0,0,0,2,8,3,1,2,3,2,5,3,5,3,2
578,2,1,1,4,0,1,5,0,1,4,5,1,0,0,0,2,1,3,1,2,3,2,5,3,5,10,2
820,3,0,1,2,0,1,0,3,7,6,5,0,0,0,0,2,8,2,1,2,0,1,0,2,5,7,2
820,3,4,1,4,0,3,11,3,9,6,5,0,0,0,0,2,8,2,1,2,1,1,1,2,5,5,2
599,3,0,1,4,0,1,5,3,7,6,5,0,0,0,0,2,1,2,2,3,0,1,3,2,5,1,2
599,3,0,1,4,0,0,7,3,7,6,5,0,0,0,0,2,1,2,2,2,1,0,0,2,5,3,2
599,3,1,1,4,0,1,7,3,7,1,5,0,0,0,0,2,8,2,2,4,0,1,4,2,5,9,2
438,1,1,1,4,0,2,0,3,7,2,5,7,0,0,3,2,8,1,1,4,3,2,5,3,5,18,2
175,4,0,1,4,0,0,5,3,7,6,5,7,0,0,3,2,8,2,1,2,0,1,0,2,5,1,2
175,4,4,1,1,0,0,8,3,12,4,5,7,0,0,3,2,8,2,1,2,0,1,1,2,5,3,2
273,1,0,1,4,0,1,0,3,6,2,5,0,0,0,3,2,8,2,1,2,3,2,5,3,5,12,2
273,1,3,1,4,0,3,0,3,6,2,5,0,0,0,3,2,2,2,1,2,0,1,1,2,5,9,2
20,5,1,1,4,0,4,7,3,6,2,5,7,0,0,0,2,8,2,1,4,3,2,5,3,5,0,2
20,5,1,1,4,0,3,0,3,12,2,5,7,1,0,0,2,8,2,1,2,0,1,0,2,5,17,2
1037,1,1,1,1,2,2,14,0,12,4,5,1,0,0,3,2,8,1,1,1,3,2,5,3,5,10,2
748,5,0,1,1,0,3,7,3,6,2,5,7,0,0,0,2,8,2,1,2,0,1,4,2,5,3,2
748,5,4,1,4,0,0,0,3,6,2,5,7,0,0,0,2,8,2,1,2,2,1,3,1,5,10,2
927,5,1,1,4,0,2,12,0,12,2,5,0,0,0,3,2,8,2,1,2,0,1,0,2,5,0,1
927,5,1,2,2,2,2,0,3,7,2,5,0,3,0,3,2,8,2,1,2,2,1,1,1,5,11,1
1067,5,0,1,1,0,1,7,3,7,2,5,0,0,0,3,2,8,3,1,2,3,2,5,3,5,10,2
1067,5,3,1,4,0,2,5,3,7,4,5,0,0,0,3,2,8,3,1,2,0,0,0,2,5,10,2
1067,5,4,0,4,0,2,5,3,7,2,5,0,0,0,3,2,8,3,1,3,2,1,2,2,2,0,2
1034,6,2,1,2,2,0,5,3,9,4,5,0,0,0,3,2,8,1,1,2,3,2,5,3,5,10,2
332,6,1,1,4,0,0,14,0,7,4,5,1,0,0,3,2,8,1,1,4,0,1,1,2,5,0,2
448,6,2,1,4,0,0,5,3,7,4,5,7,0,0,3,2,8,1,1,2,3,2,5,3,5,10,2
491,6,0,1,4,0,3,0,3,4,4,5,7,0,0,0,2,8,2,1,2,0,1,4,2,5,10,2
491,6,0,1,4,0,0,0,3,1,4,5,7,0,0,0,2,8,2,1,2,3,2,5,3,5,10,2
516,6,0,1,2,2,3,8,3,2,2,5,0,0,0,0,2,2,2,1,2,0,1,4,2,5,0,2
516,6,0,1,4,0,3,15,3,6,2,5,0,0,0,0,2,8,2,1,2,3,2,5,3,5,1,2
175,0,1,1,4,0,0,0,3,7,2,5,1,0,0,3,2,8,1,1,3,0,0,0,2,5,9,2
967,0,2,1,4,0,0,0,3,6,4,5,1,0,0,3,2,8,2,1,2,2,0,0,1,6,1,2
967,0,0,1,2,0,1,0,3,6,2,5,1,0,0,3,2,8,2,1,2,0,1,0,2,5,10,2
233,4,1,1,4,0,1,3,3,7,2,5,1,2,0,3,2,1,1,1,2,3,2,5,3,5,16,2
348,4,0,1,4,0,0,9,3,9,4,5,1,0,0,3,2,8,2,2,2,3,2,5,3,5,13,2
348,4,1,1,1,0,2,8,3,6,6,7,1,0,0,3,2,8,2,2,2,1,0,0,2,5,13,2
86,4,1,1,4,0,2,0,3,9,6,5,7,0,0,3,2,8,1,1,2,2,0,1,2,6,1,2
68,0,1,1,4,0,0,7,3,12,2,5,7,0,0,3,2,8,2,1,2,3,2,5,3,5,11,2
68,0,1,1,1,1,2,5,3,6,2,2,7,2,0,3,2,8,2,1,2,0,0,0,2,5,12,2
53,0,0,1,4,0,1,0,3,7,6,5,7,0,0,3,2,8,1,1,2,0,1,3,2,5,0,2
114,0,1,1,1,0,2,8,3,7,4,5,1,0,0,3,2,8,3,1,2,3,2,5,3,5,0,2
114,0,1,1,4,0,3,5,3,2,6,5,1,2,0,3,2,8,3,1,2,1,0,3,2,5,16,2
114,0,4,0,4,0,3,5,3,6,2,5,1,0,0,3,2,1,3,1,4,0,1,0,2,5,10,2
348,0,0,1,1,2,1,3,3,7,2,5,1,0,0,3,2,8,1,1,2,0,1,0,2,5,12,2
260,0,4,1,1,0,2,11,3,6,2,6,3,0,0,3,2,8,1,1,2,2,1,1,1,5,1,2
433,0,4,1,4,2,0,11,3,6,2,5,7,0,0,3,2,8,1,1,2,0,0,0,2,5,0,2
914,2,1,1,1,0,3,0,3,6,2,2,7,0,0,3,2,8,2,1,2,3,2,5,3,5,10,2
914,2,1,1,4,0,2,0,3,2,4,2,7,0,0,3,2,2,2,1,2,2,1,1,2,1,3,2
1006,2,2,1,4,0,1,0,3,6,4,1,1,0,0,3,2,8,2,1,2,3,2,5,3,5,11,2
1006,2,1,1,1,0,3,7,3,7,0,1,1,0,0,3,2,8,2,1,3,0,1,2,2,5,3,2
301,2,2,1,4,0,1,9,3,7,2,5,0,0,0,3,2,8,2,1,2,0,1,0,1,5,9,2
301,2,0,1,1,0,3,0,3,2,5,7,0,0,0,3,2,8,2,1,2,0,1,2,2,5,10,2
614,3,0,1,4,0,3,14,3,12,4,5,7,0,0,0,2,8,2,1,2,2,1,3,2,5,10,2
614,3,4,1,4,0,1,0,3,2,2,5,7,0,0,0,2,8,2,1,2,3,2,5,3,5,10,2
777,2,0,1,4,0,3,0,3,6,4,5,1,1,0,0,2,8,2,1,2,0,1,2,2,5,0,2
777,2,0,1,4,0,3,0,3,7,6,5,1,0,0,0,2,2,2,1,2,3,2,5,3,5,0,2
152,3,2,1,4,0,4,0,3,2,2,4,7,0,0,3,2,8,2,2,2,0,1,0,2,5,9,2
152,3,4,1,4,2,3,0,0,7,0,5,7,0,0,3,2,8,2,2,2,2,0,1,1,5,1,2
550,3,4,1,2,1,3,8,0,7,0,5,0,0,0,0,2,8,1,1,2,3,2,5,3,5,12,2
693,0,4,0,4,0,2,16,1,6,2,1,0,0,0,0,2,8,2,1,2,0,1,2,2,5,9,2
693,0,0,1,1,0,2,8,1,7,2,5,0,0,0,0,2,6,2,1,2,3,2,5,3,5,3,2
443,1,1,1,4,0,2,7,3,7,2,5,0,0,0,3,2,8,1,1,2,0,1,1,2,5,3,2
739,1,1,1,4,0,2,14,0,9,2,5,1,0,3,0,3,8,1,1,4,3,2,5,3,5,5,2
433,2,0,1,4,2,4,8,3,6,2,5,0,0,0,3,2,2,2,1,2,0,1,4,2,5,11,2
433,2,4,1,4,0,2,5,3,2,1,5,0,0,0,3,2,8,2,1,2,3,2,5,3,5,12,2
144,5,1,1,1,0,1,5,3,7,4,5,1,0,0,3,2,8,1,1,2,3,2,5,3,5,3,2
431,5,0,1,4,2,1,0,3,0,6,3,7,0,3,3,4,8,1,2,2,0,1,0,2,5,9,2
431,5,0,1,1,0,1,0,3,7,2,7,7,0,3,3,4,2,1,2,2,1,0,1,2,5,3,2
520,3,1,1,4,2,1,8,3,7,4,7,7,0,0,0,2,2,2,1,2,2,0,0,2,6,12,2
520,3,4,1,4,0,3,8,3,2,4,5,7,0,0,0,2,8,2,1,2,3,2,5,3,5,1,2
486,6,1,1,4,0,1,5,0,9,4,5,5,0,0,3,2,8,2,1,4,0,1,0,2,5,0,2
486,6,4,1,4,0,0,9,3,7,4,5,5,0,0,3,2,2,2,1,2,2,0,1,2,5,12,2
331,5,4,1,4,0,1,7,3,7,2,5,0,0,0,3,2,2,1,1,2,0,0,0,2,5,3,2
698,6,0,1,4,0,0,14,3,7,0,5,1,0,0,0,2,8,2,1,2,3,2,5,3,5,9,2
698,6,4,0,4,0,2,0,3,1,2,5,1,3,0,0,2,1,2,1,2,3,2,5,3,5,10,2
157,6,1,1,4,0,2,0,3,1,1,5,7,0,0,3,2,8,1,1,2,0,1,1,2,5,0,2
91,4,0,1,1,2,1,5,3,7,2,5,1,0,3,3,4,8,1,1,2,3,2,5,3,5,0,2
965,4,1,1,1,0,4,14,1,6,2,5,0,0,3,3,4,8,2,1,2,0,1,0,2,5,10,2
965,4,1,1,4,0,2,5,3,9,2,5,0,0,3,3,4,8,2,1,2,3,2,5,3,5,0,2
21,0,2,1,4,0,3,11,3,7,2,5,0,0,0,0,2,8,2,1,2,0,1,0,2,5,3,2
21,0,0,1,2,0,0,0,3,9,4,3,0,0,0,0,2,2,2,1,3,1,0,0,2,5,0,2
346,4,1,1,4,2,2,0,3,2,0,5,7,0,0,3,2,2,1,1,2,0,1,0,2,5,10,2
655,0,4,0,4,0,0,0,3,7,1,5,1,0,0,0,2,8,1,1,2,3,2,5,3,5,1,2
654,0,2,1,4,0,3,0,3,6,2,7,5,0,0,0,2,8,1,1,2,1,0,3,2,5,10,2
1037,0,1,1,4,0,4,5,3,7,4,5,1,0,0,3,2,8,2,1,2,2,0,3,2,5,4,2
1037,0,1,1,1,0,1,5,3,1,2,3,1,0,0,3,2,8,2,1,3,0,1,0,2,5,10,2
180,2,2,1,4,0,2,0,3,7,4,5,0,0,0,3,2,8,1,1,2,3,2,5,3,5,16,2
299,2,2,1,1,0,2,14,3,6,2,5,0,0,0,3,2,8,4,2,4,3,2,5,3,5,5,2
299,2,2,1,4,2,0,9,0,9,4,5,0,0,0,3,2,8,4,2,4,0,0,1,2,5,11,2
299,2,2,1,4,0,2,9,3,6,1,5,0,3,0,3,2,8,4,2,2,0,1,0,1,5,9,2
299,2,1,1,5,1,2,0,3,6,2,5,0,0,0,3,2,8,4,2,2,3,2,5,3,5,1,2
330,2,0,1,2,0,1,9,3,2,0,5,7,0,0,3,2,8,2,2,2,2,0,4,2,5,0,2
330,2,2,1,4,0,0,9,3,2,4,5,7,0,0,3,2,5,2,2,2,1,0,1,2,5,1,2
374,3,0,1,4,0,2,5,3,9,4,5,1,0,3,3,2,8,2,1,4,3,2,5,3,5,5,2
374,3,0,1,4,0,1,0,3,7,4,5,1,2,3,3,2,2,2,1,2,3,2,5,3,5,12,2
806,3,0,1,4,0,5,5,3,7,6,5,0,0,3,0,2,8,2,1,1,0,1,0,2,5,12,2
806,3,4,1,4,0,3,0,3,7,4,5,0,0,3,0,2,8,2,1,2,0,1,0,2,5,0,2
477,1,0,1,4,0,3,0,3,9,4,5,7,0,0,3,2,8,2,1,2,0,1,0,2,5,1,2
477,1,4,0,4,0,2,14,3,6,4,5,7,3,0,3,2,8,2,1,2,3,2,5,3,5,1,2
788,5,1,1,2,0,1,0,3,9,4,5,1,0,3,0,0,8,1,1,2,0,1,0,2,5,0,2
381,1,1,1,2,2,1,0,3,7,2,5,0,0,0,3,2,8,1,1,2,1,0,4,2,5,0,2
204,6,4,1,4,0,4,0,3,7,2,5,1,0,0,3,2,2,1,1,2,3,2,5,3,5,7,2
1038,5,1,1,4,2,3,14,3,1,2,5,1,2,0,3,2,2,1,1,3,0,1,0,2,5,16,2
174,5,0,1,4,0,3,0,3,2,1,5,1,0,0,3,2,8,1,1,2,3,2,5,3,5,0,2
68,5,1,1,1,0,1,7,3,12,2,5,7,0,0,3,2,2,1,1,4,2,0,1,1,0,5,1
273,5,4,0,4,0,1,7,3,6,4,5,7,0,0,3,2,2,1,1,2,3,2,5,3,5,3,2
853,6,1,1,5,0,3,0,3,7,2,5,1,0,0,0,2,8,2,1,2,0,1,3,2,5,9,2
853,6,1,1,1,0,2,5,3,9,4,5,1,0,0,0,2,8,2,1,2,1,0,0,2,5,10,2
323,6,4,0,4,0,4,5,3,7,4,5,0,2,0,3,2,2,1,1,2,1,0,0,2,5,12,2
334,6,1,1,1,0,4,5,3,7,6,3,7,0,0,3,2,8,2,2,2,3,2,5,3,5,17,2
334,6,1,1,4,0,4,0,3,6,1,3,7,0,0,3,2,8,2,2,3,3,2,5,3,5,0,2
334,6,4,1,4,0,2,0,3,9,2,5,7,0,0,3,2,8,2,2,2,0,1,1,2,5,10,2
530,4,1,1,4,2,2,10,3,7,2,5,0,0,0,3,2,8,1,1,2,2,0,0,2,0,9,1
808,2,4,1,2,2,2,10,1,9,4,5,0,0,0,0,2,8,1,1,2,0,0,0,2,5,12,2
591,2,4,0,4,0,2,5,3,2,2,5,1,0,0,0,2,8,1,1,2,3,2,5,3,5,12,2
772,4,1,1,4,0,1,5,0,9,2,5,1,0,3,0,2,1,2,1,2,2,0,1,2,5,10,2
772,4,4,1,1,0,2,9,3,6,1,5,1,0,3,0,2,8,2,1,2,0,1,0,2,5,10,2
831,2,1,1,4,0,1,7,0,9,2,5,7,0,0,0,2,2,1,1,2,3,2,5,3,5,16,2
114,2,1,1,4,0,4,5,3,7,1,5,0,0,0,3,2,8,2,1,2,0,1,0,2,5,5,2
114,2,2,1,1,0,1,0,3,4,2,5,0,0,0,3,2,8,2,1,2,2,0,1,2,0,1,2
758,2,0,1,4,0,1,7,3,2,2,5,1,2,0,0,2,8,2,1,2,3,2,5,3,5,0,2
758,2,0,1,4,0,1,6,3,9,4,3,1,0,0,0,2,8,2,1,2,0,1,1,2,5,3,2
802,3,4,1,4,0,2,0,3,7,2,5,1,0,0,0,2,8,1,1,4,2,1,1,2,3,9,2
280,5,2,1,4,0,2,0,3,7,2,5,0,0,0,3,2,8,2,1,2,3,2,5,3,5,9,2
280,5,4,0,4,0,2,5,3,6,4,5,0,0,0,3,2,8,2,1,2,0,1,0,2,5,1,2
280,4,4,0,4,2,2,0,3,5,2,7,7,4,0,3,2,8,1,1,2,0,1,4,2,5,12,2
114,4,1,1,4,0,1,11,3,2,2,3,1,3,0,3,2,8,1,1,2,3,2,5,3,5,2,2
109,0,1,1,4,0,4,5,3,6,6,7,7,3,0,3,2,2,2,1,2,0,1,0,2,5,5,2
109,0,4,1,4,0,0,11,3,2,2,3,7,0,0,3,2,8,2,1,2,3,2,5,3,5,1,2
712,2,1,1,4,0,4,5,3,6,6,7,7,0,0,0,2,2,2,1,3,0,0,0,2,5,3,2
712,2,4,1,4,0,3,5,0,6,4,5,7,2,0,0,2,8,2,1,2,3,2,5,3,5,10,2
334,6,3,1,4,0,4,5,3,12,2,5,7,0,0,3,2,8,2,1,2,0,0,0,2,5,0,2
334,6,3,1,4,0,1,9,3,9,2,5,7,0,0,3,2,8,2,1,2,0,1,4,1,5,10,2
1071,5,1,1,4,0,0,9,3,6,6,7,7,0,0,3,2,1,2,1,2,3,2,5,3,5,10,2
1071,5,4,1,1,0,2,14,3,11,6,5,7,0,0,3,2,8,2,1,2,0,1,0,2,5,7,2
488,5,1,1,4,2,4,5,3,7,2,5,7,2,0,3,2,8,1,1,2,2,0,1,1,5,16,2
424,5,1,1,4,0,4,0,3,9,4,5,7,0,0,3,2,8,2,1,2,0,1,0,2,5,3,2
424,5,0,1,6,0,4,8,3,6,4,5,7,0,0,3,2,1,2,1,1,3,2,5,3,5,5,2
990,5,0,1,4,0,0,0,3,6,4,5,7,0,0,3,2,2,1,1,2,3,2,5,3,5,9,2
755,6,4,1,1,2,2,10,3,9,4,5,1,0,0,0,2,8,1,1,2,0,1,0,2,5,17,2
902,4,1,1,4,0,1,11,3,6,4,5,7,0,0,3,2,8,2,1,9,3,2,5,3,5,5,2
902,4,4,1,4,2,4,14,3,6,4,5,7,0,0,3,2,8,2,1,3,0,1,0,2,5,1,2
132,1,0,1,6,0,2,0,3,6,2,5,0,0,0,3,2,8,2,1,2,0,0,3,2,5,0,2
132,1,4,1,6,0,2,5,3,6,2,5,0,0,0,3,2,8,2,1,3,1,0,3,2,5,10,2
1057,5,4,1,4,0,2,14,3,7,4,5,7,0,0,3,2,8,1,1,2,1,1,4,2,5,10,2
1028,4,1,1,4,0,1,5,3,7,2,5,7,0,0,3,2,8,2,1,2,0,1,0,2,5,12,1
1028,4,0,1,4,0,3,9,3,7,2,5,7,2,0,3,2,2,2,1,2,2,0,1,2,2,9,1
1057,0,1,1,4,0,2,5,3,9,1,5,0,0,0,3,2,2,2,1,2,3,2,5,3,5,9,2
1057,0,0,1,4,0,3,7,3,12,4,6,0,0,0,3,2,8,2,1,2,0,0,1,2,5,7,2
736,4,3,1,4,0,1,14,3,9,4,6,7,0,0,0,2,8,1,1,2,3,2,5,3,5,0,2
635,4,0,1,4,0,4,0,3,6,2,5,0,0,0,0,2,8,2,1,2,0,1,0,2,5,0,2
635,4,1,1,4,0,4,11,3,2,1,5,0,2,0,0,2,8,2,1,2,3,2,5,3,5,12,2
619,0,1,1,4,2,2,7,3,7,4,5,0,0,0,0,2,8,2,1,2,0,1,1,2,5,1,2
619,0,1,1,4,0,1,5,3,7,1,5,0,0,0,0,2,6,2,1,2,3,2,5,3,5,1,2
209,3,0,1,1,0,4,0,3,7,2,5,0,0,0,3,2,8,2,1,2,3,2,5,3,5,3,2
209,3,4,1,4,0,1,11,3,7,2,5,0,0,0,3,2,2,2,1,4,0,1,1,2,5,0,2
738,2,1,1,4,0,2,0,3,6,4,5,0,0,0,0,2,1,2,2,4,0,1,1,2,5,1,2
738,2,1,1,2,0,3,0,3,6,3,5,0,0,0,0,2,8,2,2,2,3,2,5,3,5,5,2
738,2,2,1,2,0,3,8,3,9,4,5,0,0,0,0,2,8,2,2,2,0,1,4,2,5,3,2
436,3,1,1,4,0,2,9,3,6,1,5,0,0,0,3,2,8,2,2,1,1,1,4,2,5,10,2
436,3,1,1,1,0,0,5,3,9,2,5,0,4,0,3,2,8,2,2,2,3,2,5,3,5,12,2
1019,0,0,1,1,0,2,5,3,6,4,5,1,0,0,3,2,8,2,1,2,3,2,5,3,5,12,2
1019,0,4,1,4,0,2,5,3,7,2,5,1,0,0,3,2,8,2,1,2,0,1,1,1,5,12,2
39,0,0,1,4,0,0,10,3,6,1,5,0,0,0,3,2,8,2,1,2,3,2,5,3,5,0,2
39,0,4,1,4,2,2,5,3,12,4,5,0,0,0,3,2,2,2,1,2,0,1,1,2,5,9,2