Time,Day_of_week,Age_band_of_driver,Sex_of_driver,Educational_level,Vehicle_driver_relation,Driving_experience,Type_of_vehicle,Owner_of_vehicle,Area_accident_occured,Lanes_or_Medians,Road_allignment,Types_of_Junction,Road_surface_type,Road_surface_conditions,Light_conditions,Weather_conditions,Type_of_collision,Number_of_vehicles_involved,Number_of_casualties,Vehicle_movement,Casualty_class,Sex_of_casualty,Age_band_of_casualty,Casualty_severity,Pedestrian_movement,Cause_of_accident,Accident_severity
374,0,1,1,4,0,2,14,3,7,4,5,0,0,0,3,2,8,2,1,9,2,0,0,2,5,0,2
374,0,0,1,4,0,2,7,3,7,0,5,0,0,0,3,2,8,2,1,3,0,1,1,2,5,7,2
64,6,1,1,1,0,3,0,0,7,0,5,3,0,0,3,2,8,1,1,2,3,2,5,3,5,13,2
20,2,4,1,4,0,4,0,3,7,2,5,1,0,0,0,2,8,2,2,2,3,2,5,3,5,13,2
20,2,1,1,4,0,2,14,3,6,0,6,1,0,0,0,2,8,2,2,3,0,1,0,2,5,10,2
20,2,1,1,1,0,0,8,3,6,2,5,1,0,0,0,2,2,2,2,2,3,2,5,3,5,12,2
523,0,0,1,4,0,2,5,3,6,2,6,1,0,3,3,4,8,3,1,3,0,1,0,2,5,16,2
523,0,1,1,4,0,3,0,3,6,2,6,1,0,3,3,4,8,3,1,2,3,2,5,3,5,11,2
523,0,1,1,2,2,1,0,3,6,1,5,1,0,3,3,4,8,3,1,2,0,1,0,2,5,10,2
458,4,1,1,4,0,0,5,3,6,2,5,7,0,0,3,2,8,2,2,2,0,1,1,2,5,1,2
458,4,3,1,4,0,0,5,3,6,2,5,7,0,0,3,2,1,2,2,4,3,2,5,3,5,3,2
195,0,4,1,0,2,1,5,3,7,4,5,7,0,0,3,2,8,3,1,4,0,1,4,2,5,1,2
195,0,4,1,4,0,2,8,3,7,2,5,7,0,0,3,2,8,3,1,2,3,2,5,3,5,16,2
195,0,0,1,1,2,1,8,3,9,2,5,7,0,0,3,2,8,3,1,7,0,1,1,2,5,13,2
374,0,4,1,4,0,0,0,3,7,2,5,7,0,0,3,2,8,1,1,2,3,2,5,3,5,4,2
136,6,4,1,4,2,2,7,3,7,2,5,1,0,0,3,7,8,2,1,2,0,1,3,2,5,2,2
136,6,3,1,4,0,4,0,0,7,2,5,1,0,0,3,7,8,2,1,2,3,2,5,3,5,19,2
73,6,4,0,4,0,1,0,3,7,4,5,1,0,0,3,2,2,2,1,2,3,2,5,3,5,1,2
73,6,1,1,4,0,2,6,3,4,4,5,1,0,0,3,2,8,2,1,3,0,1,1,1,5,10,2
9,3,4,0,4,0,3,0,3,4,4,5,7,0,0,0,2,8,3,1,2,2,1,0,2,1,13,2
9,3,4,0,1,0,1,0,3,2,0,5,7,0,0,0,2,8,3,1,2,2,0,0,2,0,12,2
9,3,2,1,1,2,3,9,3,7,4,5,7,0,0,0,2,8,3,1,2,0,1,0,2,5,0,2
326,2,0,1,4,0,0,0,3,7,4,5,7,0,0,3,2,8,3,4,2,3,2,5,3,5,11,2
326,2,0,1,4,0,2,11,3,6,4,5,7,0,0,3,2,8,3,4,2,0,1,0,2,5,16,2
326,2,0,1,4,0,1,5,3,6,4,5,7,0,0,3,2,8,3,4,3,3,2,5,3,5,3,2
326,2,0,1,4,0,1,11,0,9,2,5,7,0,0,3,2,8,3,4,2,0,1,1,2,5,12,2
326,2,4,1,4,0,1,0,3,4,4,5,7,0,0,3,2,6,3,4,2,2,1,3,2,0,11,2
502,4,0,1,4,0,1,0,3,6,4,5,1,0,0,3,2,8,2,1,3,0,1,1,2,5,1,2
502,4,3,1,4,0,3,0,3,7,4,5,1,0,0,3,2,8,2,1,3,0,1,0,2,5,3,2
106,4,2,1,4,0,3,0,3,7,2,5,7,0,0,3,2,8,1,1,2,0,1,4,2,5,1,2
515,1,3,1,1,0,2,5,3,9,4,5,7,0,0,3,2,2,2,1,9,3,2,5,3,5,1,2
515,1,4,1,4,0,2,0,3,6,2,5,7,0,0,3,2,8,2,1,9,1,0,0,2,5,0,2
565,4,4,1,4,0,1,10,1,9,6,5,0,0,0,3,2,8,2,1,2,3,2,5,3,5,17,2
565,4,2,2,1,0,2,0,3,6,2,5,0,0,0,3,2,8,2,1,2,1,0,0,2,5,3,2
304,2,0,1,4,0,2,11,3,9,2,5,0,0,0,3,2,2,2,2,2,1,0,0,2,5,10,2
304,2,4,1,4,0,3,5,3,6,4,5,0,0,0,3,2,8,2,2,2,0,1,3,2,5,3,2
295,3,2,1,4,0,2,0,3,1,6,5,7,0,0,3,2,8,2,1,2,1,1,0,2,5,0,1
295,3,0,1,4,0,3,4,0,6,6,6,7,0,0,3,2,8,2,1,2,1,0,0,2,5,12,1
1004,5,0,1,1,0,4,10,3,4,6,5,1,0,3,3,4,8,1,1,1,1,1,0,2,5,1,2
313,6,4,1,1,0,2,10,3,7,2,5,1,0,3,3,4,2,2,1,3,3,2,5,3,5,10,2
313,6,1,1,1,0,0,0,3,9,4,5,1,0,3,3,4,8,2,1,4,3,2,5,3,5,9,2
147,2,0,1,1,0,2,3,0,9,6,5,1,0,0,3,2,8,2,2,2,0,1,0,2,5,9,2
147,2,0,1,1,0,2,5,3,4,6,5,1,0,0,3,2,8,2,2,2,0,1,0,2,5,10,2
147,2,1,1,1,0,1,4,3,9,4,5,1,0,0,3,2,8,2,2,2,3,2,5,3,5,10,2
763,4,3,1,1,0,2,5,3,9,6,5,1,0,0,0,2,8,1,2,2,0,1,0,2,5,10,2
763,4,3,1,4,0,2,9,3,6,4,5,1,0,0,0,2,1,1,2,2,3,2,5,3,5,11,2
1004,4,4,0,4,0,3,0,3,6,0,0,1,0,0,3,2,8,3,2,2,3,2,5,3,5,3,2
1004,4,0,1,4,0,3,15,3,6,6,5,1,0,0,3,2,8,3,2,2,0,1,4,2,5,1,2
1004,4,0,1,1,0,4,0,3,6,4,0,1,0,0,3,2,2,3,2,2,0,1,0,2,5,0,2
1004,4,1,1,1,0,2,0,3,6,1,5,1,0,0,3,2,8,3,2,2,3,2,5,3,5,3,2
458,1,1,1,1,2,2,0,3,6,4,5,0,0,0,3,7,8,2,1,2,2,1,0,2,6,3,2
458,1,3,1,1,0,1,5,3,6,6,5,0,0,0,3,7,1,2,1,2,3,2,5,3,5,10,2
87,0,0,1,1,0,3,0,3,9,6,5,3,0,3,3,2,8,1,2,2,2,1,3,2,5,13,2
87,0,0,1,1,0,1,0,3,9,1,5,3,0,3,3,2,8,1,2,3,0,1,1,2,5,1,2
195,5,4,1,4,0,3,5,3,7,1,5,2,0,0,3,2,1,2,1,2,3,2,5,3,5,1,2
195,5,0,1,4,0,4,0,3,2,4,5,2,0,0,3,2,1,2,1,3,2,0,2,2,5,10,2
1050,0,4,1,4,0,1,0,3,1,6,5,7,0,0,3,2,1,1,1,3,2,1,3,2,5,10,2
309,6,4,1,1,0,2,0,3,4,4,5,1,0,0,3,2,2,2,1,2,0,1,4,2,5,17,2
309,6,0,1,1,0,2,15,3,9,6,5,1,0,0,3,2,8,2,1,2,3,2,5,3,5,2,2
428,4,1,1,1,0,0,0,3,9,6,8,0,0,0,3,2,8,2,1,2,0,1,4,2,5,12,1
428,4,0,1,1,0,2,0,3,6,0,5,0,0,0,3,2,8,2,1,2,2,0,0,2,5,11,1
312,2,0,1,4,0,0,0,3,0,4,5,7,0,3,3,2,8,2,4,2,0,1,4,2,5,12,0
312,2,1,1,4,0,2,8,3,13,6,5,7,0,3,3,2,8,2,4,2,3,2,5,3,5,13,0
312,2,1,1,1,2,0,0,3,4,6,5,7,0,3,3,2,8,2,4,2,0,1,3,2,5,13,0
312,2,1,1,4,0,2,0,3,9,3,5,7,1,3,3,2,1,2,4,4,3,2,5,3,5,9,0
321,5,3,1,4,0,1,9,0,9,4,5,7,0,0,3,2,2,1,1,2,0,1,2,2,5,10,1
111,3,0,1,4,0,1,10,3,7,4,5,7,0,0,3,2,8,2,1,2,3,2,5,3,5,9,2
111,3,2,1,4,0,2,4,0,9,6,5,7,0,0,3,2,8,2,1,5,3,2,5,3,5,12,2
50,1,1,1,4,2,4,14,3,10,4,1,7,0,0,3,2,8,2,1,7,3,2,5,3,5,3,2
50,1,2,1,2,0,4,12,3,10,4,1,7,3,0,3,2,8,2,1,2,2,0,0,2,5,10,2
731,2,3,1,4,0,2,14,3,6,0,5,7,0,3,0,4,9,2,1,4,2,0,1,2,5,13,2
731,2,4,1,4,0,4,0,3,9,4,1,7,0,3,0,4,8,2,1,3,0,1,1,2,5,1,2
275,0,1,1,4,0,1,0,3,9,6,5,1,0,0,3,2,8,2,1,2,2,0,1,2,5,10,2
275,0,4,0,4,0,1,7,3,5,6,5,1,0,0,3,2,8,2,1,4,0,0,0,2,5,3,2
721,0,4,1,4,0,2,15,3,9,6,5,0,0,0,0,2,8,2,2,3,0,1,1,2,5,10,2
721,0,1,1,1,0,2,0,3,2,6,5,0,0,0,0,2,8,2,2,2,3,2,5,3,5,12,2
721,0,1,1,4,2,2,14,3,6,4,5,0,0,0,0,2,8,2,2,2,3,2,5,3,5,1,2
280,5,2,1,4,0,2,0,3,6,2,7,7,0,0,3,2,8,1,1,3,3,2,5,3,5,11,2
278,2,1,1,4,2,2,9,0,6,2,0,7,0,3,3,4,8,2,1,2,0,1,3,2,5,12,2
278,2,1,1,3,0,1,0,3,7,4,7,7,0,3,3,4,8,2,1,1,1,0,1,2,5,0,2
715,2,0,1,4,0,2,0,3,7,4,5,0,0,0,2,2,1,2,3,2,3,2,5,3,5,18,2
715,2,0,1,4,0,4,5,3,9,2,5,0,0,0,2,2,2,2,3,2,0,1,0,2,5,4,2
715,2,1,1,4,0,0,0,3,7,2,5,0,0,0,2,2,2,2,3,3,3,2,5,3,5,3,2
1009,1,0,1,1,0,1,11,3,7,4,6,1,0,0,3,2,8,2,1,2,0,1,4,2,5,4,2
1009,1,1,1,1,0,1,0,3,7,2,5,1,0,0,3,2,8,2,1,2,1,1,3,1,5,3,2
1024,0,4,0,1,0,2,9,0,7,4,5,1,0,0,3,2,8,1,1,2,2,1,2,2,1,11,2
64,0,4,2,4,0,2,9,3,7,0,6,1,0,3,3,4,8,2,1,2,3,2,5,3,5,3,2
64,0,1,1,4,0,2,0,3,7,2,5,1,0,3,3,4,8,2,1,2,0,1,1,2,5,1,2
506,0,4,1,4,0,3,0,3,2,2,5,1,0,0,3,2,2,2,1,3,3,2,5,3,5,9,2
506,0,1,1,4,0,3,0,3,7,4,5,1,0,0,3,2,8,2,1,2,0,1,3,2,5,3,2
429,6,1,1,4,2,3,5,1,4,2,5,5,2,0,3,2,8,1,1,2,0,1,0,2,5,1,2
197,5,0,1,4,0,6,9,3,9,0,5,1,0,0,3,2,8,2,3,3,3,2,5,3,5,3,2
197,5,0,1,4,0,2,4,0,7,2,5,1,0,0,3,2,8,2,3,3,0,1,0,2,5,3,2
197,5,0,1,4,0,1,0,3,6,2,5,1,0,0,3,2,8,2,3,2,3,2,5,3,5,3,2
197,5,0,1,1,0,2,0,3,4,5,5,1,0,0,3,2,8,2,3,2,2,1,0,2,5,1,2
428,6,2,1,4,0,1,0,3,4,0,5,0,0,0,3,7,1,2,1,2,2,1,3,2,5,1,2
428,6,3,1,2,2,2,1,3,7,2,5,0,0,0,3,7,1,2,1,2,0,0,1,2,5,3,2
326,6,1,1,4,0,3,9,1,3,2,5,1,0,0,3,2,2,1,1,2,3,2,5,3,5,16,2
642,2,4,1,4,0,1,4,3,6,1,5,1,0,0,3,2,1,2,2,2,0,1,3,2,5,1,2
642,2,0,1,1,0,1,0,3,2,4,5,1,0,0,3,2,8,2,2,2,3,2,5,3,5,10,2
642,2,0,1,2,2,3,0,1,3,4,7,1,1,0,3,2,8,2,2,2,3,2,5,3,5,13,2
957,4,1,1,1,0,0,0,3,6,6,5,7,0,0,3,2,8,2,3,2,0,1,0,2,5,1,1
957,4,0,1,4,0,3,4,3,7,2,0,7,0,0,3,2,2,2,3,2,0,1,0,2,5,1,1
957,4,0,1,4,0,2,5,3,6,4,5,7,0,0,3,2,2,2,3,4,3,2,5,3,5,16,1
957,4,0,1,4,2,2,8,3,6,2,7,7,0,0,3,2,8,2,3,2,1,0,1,2,5,13,1
251,1,1,1,0,0,2,4,3,7,0,3,7,0,0,3,2,8,2,1,7,0,1,4,2,5,4,2
251,1,4,1,4,0,2,14,3,6,4,6,7,0,0,3,2,8,2,1,2,3,2,5,3,5,16,2
985,3,0,1,4,0,3,7,3,9,4,5,7,0,0,3,7,8,1,1,7,0,1,3,2,5,12,2
356,1,2,1,4,0,0,7,3,7,2,5,3,0,0,3,2,8,2,1,2,3,2,5,3,5,9,2
356,1,1,1,4,0,1,4,3,6,0,5,3,0,0,3,2,8,2,1,7,3,2,5,3,5,13,2
209,0,2,1,4,0,4,0,3,6,4,7,7,0,0,3,2,8,2,2,2,0,1,1,1,5,12,1
209,0,2,1,4,0,3,11,3,6,6,5,7,0,0,3,2,8,2,2,2,0,1,0,2,5,11,1
209,0,2,1,4,0,0,5,3,7,2,6,7,0,0,3,2,8,2,2,7,3,2,5,3,5,1,1
165,0,0,1,0,0,2,11,3,2,4,5,1,0,0,3,2,2,1,1,4,3,2,5,3,5,1,2
260,6,0,1,4,0,2,0,3,4,4,5,7,0,0,3,2,2,2,1,2,0,0,4,2,5,1,2
260,6,2,1,1,2,4,0,3,6,0,5,7,0,0,3,2,1,2,1,2,0,1,0,2,5,4,2
67,1,1,1,4,0,2,0,3,2,4,5,0,0,0,3,2,8,1,1,2,3,2,5,3,5,0,2
180,6,3,1,4,0,3,0,3,6,4,5,1,0,0,3,2,8,1,1,3,1,0,0,2,5,9,2
985,3,0,1,4,0,2,5,3,6,6,5,7,0,3,3,4,8,1,1,2,3,2,5,3,5,2,1
462,2,4,1,4,0,0,0,3,9,2,5,7,0,0,3,2,8,2,1,2,3,2,5,3,5,9,2
462,2,1,1,4,2,1,10,3,6,2,5,7,0,0,3,2,8,2,1,2,2,1,1,2,5,10,2
141,2,0,1,4,0,6,0,3,9,4,5,0,0,0,3,2,8,2,2,2,0,1,3,2,5,13,2
141,2,2,1,4,0,3,11,3,6,0,5,0,0,0,3,2,8,2,2,4,3,2,5,3,5,12,2
141,2,2,1,4,2,1,5,3,6,0,5,0,0,0,3,2,8,2,2,2,3,2,5,3,5,1,2
300,0,2,1,4,0,2,0,3,7,2,5,7,0,0,3,2,8,2,2,2,1,0,4,2,5,13,2
300,0,3,1,4,0,1,4,3,7,2,5,7,0,0,3,2,1,2,2,9,0,1,1,2,5,10,2
223,0,0,1,4,0,0,10,3,9,2,5,1,0,0,3,2,1,2,1,2,3,2,5,3,5,3,2
223,0,4,1,4,0,2,10,3,2,2,5,1,0,0,3,2,8,2,1,3,0,1,1,2,5,10,2
589,2,2,1,4,0,1,0,0,2,0,5,0,0,0,0,2,8,1,1,3,2,1,1,2,5,9,2
537,5,0,1,1,0,2,3,3,9,0,5,3,0,0,3,2,8,2,2,2,2,1,4,2,6,10,1
537,5,0,1,0,2,2,5,3,6,2,6,3,0,0,3,2,8,2,2,4,2,1,0,2,6,9,1
673,0,1,1,4,0,1,4,3,6,2,6,7,0,0,0,2,8,2,1,2,3,2,5,3,5,11,2
673,0,0,1,4,0,1,5,3,9,2,5,7,0,0,0,2,8,2,1,2,0,1,1,2,5,0,2
881,3,0,1,4,0,1,9,3,2,6,5,1,0,3,3,4,8,1,1,2,0,1,0,2,5,10,2
157,2,0,1,4,0,2,0,3,7,2,5,0,0,0,3,2,8,2,2,2,1,0,0,2,5,13,2
157,2,0,1,4,0,0,15,3,6,2,5,0,0,0,3,2,8,2,2,2,3,2,5,3,5,10,2
398,5,1,1,4,2,1,0,3,7,2,5,7,0,0,3,2,8,1,1,2,2,1,3,2,6,11,2
160,5,4,0,2,2,1,0,3,7,2,5,1,0,0,3,2,8,2,1,2,0,1,1,2,5,9,2
160,5,2,1,4,0,2,0,3,7,2,5,1,0,0,3,2,8,2,1,2,3,2,5,3,5,11,2
141,1,4,1,4,2,0,5,0,9,2,5,7,0,0,3,7,8,2,1,4,0,1,1,2,5,10,2
141,1,4,1,4,0,4,0,3,2,4,5,7,0,0,3,7,8,2,1,2,3,2,5,3,5,11,2
913,3,4,1,2,0,0,0,3,7,4,5,1,0,3,3,4,8,2,1,5,0,1,4,2,5,3,2
913,3,1,1,0,0,0,5,3,7,1,5,1,0,3,3,4,8,2,1,2,3,2,5,3,5,7,2
705,5,1,1,4,0,3,0,3,9,2,5,0,0,0,0,2,8,2,1,2,2,1,0,1,1,3,2
705,5,0,1,2,0,0,0,3,6,1,5,0,0,0,0,2,8,2,1,2,2,0,4,2,6,0,2
408,6,2,1,4,0,1,0,3,4,2,5,1,0,0,3,2,8,2,1,10,2,0,0,2,6,12,2
408,6,2,1,0,1,1,15,0,9,0,5,1,0,0,3,2,8,2,1,2,3,2,5,3,5,1,2
264,2,0,1,2,0,3,0,3,6,5,5,7,0,0,3,2,8,1,1,2,0,1,1,2,5,1,1
867,6,4,0,1,0,2,0,3,7,2,5,7,0,3,3,3,2,2,1,2,3,2,5,3,5,10,2
867,6,0,1,2,0,0,0,3,2,6,5,7,0,3,3,3,2,2,1,2,0,0,0,2,5,10,2
253,1,3,1,2,0,2,8,3,4,2,5,3,0,0,3,2,8,2,1,9,2,1,0,2,0,0,2
253,1,2,1,2,0,1,0,3,1,1,5,3,0,0,3,2,8,2,1,2,3,2,5,3,5,1,2
623,3,1,1,4,0,0,0,3,0,4,5,2,0,0,3,2,8,2,1,2,0,1,1,2,5,12,2
623,3,0,1,0,0,3,9,3,7,2,5,2,0,0,3,2,8,2,1,3,0,0,0,2,5,0,2
744,0,3,1,0,0,1,10,3,7,2,5,1,0,3,0,4,2,1,2,2,3,2,5,3,5,12,2
744,0,3,1,1,0,2,4,3,4,2,5,1,0,3,0,4,8,1,2,3,0,1,2,2,5,9,2
205,6,0,1,1,0,0,14,0,7,2,5,7,0,3,3,4,2,2,1,2,3,2,5,3,5,18,2
205,6,0,1,4,0,2,12,0,6,6,5,7,0,3,3,4,2,2,1,2,3,2,5,3,5,10,2
632,4,2,1,4,0,2,14,3,7,6,5,1,0,0,3,2,1,3,1,2,0,1,0,2,5,10,2
632,4,1,1,1,0,2,0,3,6,2,5,1,0,0,3,2,8,3,1,2,3,2,5,3,5,10,2
632,4,1,1,4,0,1,0,3,6,4,5,1,0,0,3,2,2,3,1,10,0,1,1,1,5,0,2
326,6,1,1,4,0,2,7,1,7,6,5,1,0,0,3,2,8,2,2,2,3,2,5,3,5,12,2
326,6,1,1,2,0,1,15,0,7,6,5,1,0,0,3,2,8,2,2,2,0,1,1,2,5,2,2
83,4,1,1,4,0,0,0,3,7,4,5,0,0,0,3,2,8,2,2,2,0,1,1,2,5,16,2
83,4,2,1,4,0,0,14,3,7,6,5,0,0,0,3,2,8,2,2,2,2,0,0,1,0,13,2
83,4,2,1,4,0,2,0,3,9,4,5,0,0,0,3,2,8,2,2,2,3,2,5,3,5,0,2
1029,4,0,1,3,0,6,9,3,2,4,5,7,0,0,3,2,8,2,2,2,0,1,0,2,5,11,2
1029,4,0,1,4,0,2,0,3,6,0,5,7,0,0,3,2,2,2,2,8,2,1,0,2,6,0,2
1020,3,0,1,4,0,0,0,3,2,6,5,1,0,3,3,2,8,1,1,9,2,1,1,2,6,10,2
280,1,1,1,4,0,1,5,3,7,2,5,1,0,3,3,7,2,2,1,1,2,1,0,2,6,9,2
280,1,3,1,4,0,3,0,3,7,6,5,1,0,3,3,7,8,2,1,3,0,1,0,2,5,0,2
724,2,3,1,4,2,2,11,3,12,6,3,7,0,0,0,2,8,2,2,3,3,2,5,3,5,13,1
724,2,0,1,2,0,0,0,3,6,2,6,7,0,0,0,2,8,2,2,2,0,1,0,2,5,10,1
334,1,0,1,4,0,3,9,3,7,6,3,5,0,0,3,2,2,1,1,9,3,2,5,3,5,9,2
899,6,4,0,4,0,0,9,3,6,4,5,1,0,0,3,2,2,2,1,2,1,0,0,1,5,10,1
899,6,1,1,4,0,1,0,3,7,4,5,1,0,0,3,2,8,2,1,2,2,1,4,2,0,0,1
277,0,2,1,4,0,3,0,3,7,2,5,1,0,0,3,2,8,2,2,10,3,2,5,3,5,0,2
277,0,2,1,4,0,1,0,3,6,4,5,1,0,0,3,2,8,2,2,2,0,0,1,2,5,11,2
277,0,4,1,1,0,2,5,3,7,0,5,1,0,0,3,2,8,2,2,2,3,2,5,3,5,0,2
404,2,0,1,4,0,2,9,3,2,6,5,1,0,0,3,2,8,2,2,10,0,1,0,2,5,3,2
404,2,1,1,1,0,0,4,3,6,2,5,1,0,0,3,2,8,2,2,8,3,2,5,3,5,3,2
1060,1,4,0,1,0,2,0,3,6,2,5,1,0,0,3,2,8,2,1,2,0,1,0,2,5,11,2
1060,1,0,1,1,0,2,0,3,7,4,7,1,0,0,3,2,2,2,1,3,0,1,0,2,5,7,2
285,3,4,1,4,0,0,0,3,9,4,5,1,0,0,3,7,2,2,2,1,3,2,5,3,5,10,2
285,3,4,1,4,0,2,1,3,9,4,5,1,0,0,3,7,2,2,2,2,0,1,1,2,5,0,2
285,3,4,0,4,0,2,9,3,7,2,5,1,0,0,3,7,8,2,2,2,3,2,5,3,5,12,2
19,6,4,1,4,0,1,4,3,7,6,5,7,0,3,0,4,8,2,4,9,3,2,5,3,5,10,2
19,6,3,1,4,0,0,0,3,6,2,3,7,0,3,0,4,8,2,4,3,0,1,1,2,5,11,2
19,6,3,1,4,0,2,0,0,12,0,5,7,0,3,0,4,8,2,4,2,0,1,1,2,5,11,2
19,6,3,1,4,0,4,0,3,7,2,3,7,0,3,0,4,1,2,4,3,3,2,5,3,5,12,2
19,6,3,1,4,0,2,4,3,7,2,8,7,0,3,0,4,1,2,4,2,3,2,5,3,5,3,2
917,4,0,1,4,2,2,5,0,2,2,5,7,0,0,3,2,8,2,1,2,0,1,1,1,5,1,2
917,4,2,1,4,2,2,8,3,6,2,6,7,0,0,3,2,8,2,1,2,3,2,5,3,5,0,2
709,0,0,1,4,0,2,4,3,7,2,6,7,2,0,0,2,8,4,1,2,0,1,0,2,5,9,2
709,0,1,1,2,0,1,14,0,9,0,5,7,0,0,0,2,8,4,1,2,3,2,5,3,5,3,2
709,0,0,1,0,0,2,7,3,6,2,5,7,0,0,0,2,8,4,1,2,0,0,0,2,5,4,2
709,0,0,1,4,0,3,7,3,6,4,5,7,0,0,0,2,8,4,1,2,3,2,5,3,5,4,2
170,1,2,1,4,0,4,4,3,6,2,5,1,0,0,3,2,8,2,1,2,0,1,0,2,5,11,2
170,1,0,1,1,0,2,0,1,2,2,5,1,0,0,3,2,8,2,1,2,0,1,0,2,5,0,2
243,6,1,1,1,0,1,0,3,6,2,5,1,0,0,3,2,8,2,1,2,3,2,5,3,5,1,2
243,6,0,1,4,0,1,5,3,6,2,6,1,0,0,3,2,8,2,1,2,3,2,5,3,5,3,2
369,0,3,1,4,0,0,7,3,6,2,6,7,0,3,3,4,2,2,1,4,0,1,1,1,5,10,2
369,0,4,1,4,0,1,5,3,6,2,5,7,0,3,3,4,6,2,1,4,3,2,5,3,5,7,2
448,1,1,1,4,0,1,0,3,7,2,5,0,0,0,3,2,8,2,2,2,0,1,3,1,5,5,2
448,1,0,1,4,0,3,8,3,9,0,5,0,0,0,3,2,8,2,2,2,3,2,5,3,5,1,2
448,1,0,1,2,0,4,5,3,2,4,5,0,0,0,3,2,8,2,2,1,0,1,0,2,5,3,2
532,5,2,1,4,0,1,10,3,7,2,5,7,0,0,3,2,8,2,2,2,3,2,5,3,5,9,0
532,5,1,1,2,0,3,3,3,1,2,5,7,0,0,3,2,8,2,2,2,2,1,0,2,6,18,0
347,4,4,0,4,0,3,0,3,7,2,5,7,0,0,3,2,2,1,1,2,2,1,1,2,7,1,1
1033,4,2,1,2,0,2,0,3,4,4,6,7,0,0,3,2,2,2,1,2,0,1,1,2,5,3,2
1033,4,0,1,4,0,3,7,3,7,2,5,7,0,0,3,2,8,2,1,2,3,2,5,3,5,12,2
1024,0,1,1,4,0,0,0,3,7,6,5,7,0,3,3,4,2,2,1,1,3,2,5,3,5,9,2
1024,0,1,1,4,0,1,3,3,2,6,5,7,0,3,3,4,8,2,1,2,0,1,0,2,5,0,2
1005,6,2,1,1,0,1,9,3,2,4,5,7,0,0,3,2,8,2,1,2,2,1,4,2,6,17,2
1005,6,0,1,1,1,2,9,3,7,2,5,7,0,0,3,2,8,2,1,4,0,1,0,1,5,10,2
7,3,1,1,4,0,2,7,3,7,1,5,1,0,0,0,2,8,2,1,2,2,1,0,1,2,3,2
7,3,0,1,2,2,2,7,0,1,2,5,1,0,0,0,2,8,2,1,2,1,0,0,2,5,10,2
379,6,0,1,4,0,3,7,3,7,4,5,1,0,3,3,4,8,3,1,2,3,2,5,3,5,0,2
379,6,1,1,4,0,4,9,3,6,4,5,1,0,3,3,4,1,3,1,2,0,0,0,2,5,11,2
379,6,1,1,4,1,4,5,3,2,2,5,1,0,3,3,4,8,3,1,2,0,1,0,2,5,10,2
458,5,1,1,4,0,3,7,3,6,2,5,1,0,0,3,2,2,2,1,7,2,0,3,2,6,10,2
458,5,4,1,2,2,2,9,3,6,4,7,1,0,0,3,2,8,2,1,4,3,2,5,3,5,0,2
309,6,4,1,1,2,2,7,3,7,4,5,1,0,0,3,2,2,2,4,2,0,0,0,2,5,10,2
309,6,0,1,4,0,1,4,0,9,2,5,1,0,0,3,2,8,2,4,2,2,1,1,2,1,0,2
309,6,0,1,4,0,1,7,3,6,2,6,1,0,0,3,2,8,2,4,2,2,0,0,2,1,10,2
309,6,0,1,0,0,2,7,3,9,6,5,1,0,0,3,2,1,2,4,2,2,1,3,2,6,10,2
309,6,0,1,4,2,1,7,3,9,2,5,1,0,0,3,2,8,2,4,2,2,1,1,2,1,10,2
280,0,4,1,4,0,2,8,3,7,0,5,0,0,0,3,7,8,2,2,2,2,1,0,2,6,0,2
280,0,0,1,4,0,1,0,3,3,1,5,0,0,0,3,7,8,2,2,2,0,1,1,2,5,1,2
280,0,0,1,4,0,2,7,0,7,4,5,0,0,0,3,7,8,2,2,2,3,2,5,3,5,9,2
916,6,0,1,4,0,1,5,3,7,4,5,1,0,0,3,2,1,1,1,2,2,0,0,2,6,1,1
191,6,4,0,1,0,0,10,3,1,1,6,0,0,0,3,2,8,2,2,3,2,1,1,1,6,10,2
191,6,2,1,2,0,2,0,3,7,4,5,0,0,0,3,2,8,2,2,3,0,1,1,2,5,16,2
191,6,2,1,4,2,0,8,3,7,4,5,0,0,0,3,2,8,2,2,9,3,2,5,3,5,13,2
699,3,2,1,4,0,1,5,3,7,4,5,0,0,0,0,2,8,2,2,4,3,2,5,3,5,13,2
699,3,3,1,4,0,0,9,3,6,2,5,0,0,0,0,2,2,2,2,4,0,1,0,2,5,1,2
4,2,0,1,1,0,3,7,3,7,2,6,7,0,0,0,2,8,1,1,2,0,1,0,2,5,11,2
595,3,3,1,4,0,1,5,3,9,2,5,1,0,3,0,2,8,1,1,2,3,2,5,3,5,12,2
267,2,4,0,4,0,1,8,3,7,4,5,3,0,0,3,2,8,3,1,4,3,2,5,3,5,0,2
267,2,1,1,4,0,1,7,3,7,4,5,3,0,0,3,2,8,3,1,4,0,1,2,2,5,0,2
267,2,2,1,4,0,1,5,3,2,4,5,3,0,0,3,2,2,3,1,2,3,2,5,3,5,16,2