Time,Day_of_week,Age_band_of_driver,Sex_of_driver,Educational_level,Vehicle_driver_relation,Driving_experience,Type_of_vehicle,Owner_of_vehicle,Area_accident_occured,Lanes_or_Medians,Road_allignment,Types_of_Junction,Road_surface_type,Road_surface_conditions,Light_conditions,Weather_conditions,Type_of_collision,Number_of_vehicles_involved,Number_of_casualties,Vehicle_movement,Casualty_class,Sex_of_casualty,Age_band_of_casualty,Casualty_severity,Pedestrian_movement,Cause_of_accident,Accident_severity
339,0,0,1,1,0,0,10,2,7,2,5,3,0,0,3,2,8,2,1,2,0,1,1,2,5,1,2
506,4,4,1,4,0,2,8,3,6,2,5,7,0,0,0,2,8,2,2,9,2,0,3,2,1,12,2
506,4,1,1,0,0,0,14,3,6,2,5,7,0,0,0,2,8,2,2,2,2,1,4,2,5,1,2
506,4,1,1,4,0,3,7,3,9,2,5,7,0,0,0,2,8,2,2,9,0,1,0,2,5,4,2
241,6,4,1,4,0,0,8,3,7,2,5,7,0,0,3,2,2,2,2,2,2,1,0,2,2,9,1
241,6,3,1,4,0,2,10,0,7,4,5,7,0,0,3,2,8,2,2,3,0,1,1,2,5,12,1
241,6,3,1,4,0,1,9,3,6,2,5,7,0,0,3,2,8,2,2,2,3,2,5,3,5,10,1
491,5,4,1,4,0,2,5,3,6,2,5,1,0,0,0,2,8,2,1,2,0,1,1,2,5,3,2
491,5,0,1,4,0,1,8,3,2,4,5,1,0,0,0,2,8,2,1,2,3,2,5,3,5,0,2
348,0,1,1,4,0,1,5,0,7,1,5,1,0,0,3,2,8,2,2,7,0,1,0,2,5,12,2
348,0,0,1,4,0,3,8,3,6,4,5,1,0,0,3,2,8,2,2,7,3,2,5,3,5,12,2
270,5,4,1,4,0,0,3,3,6,2,5,7,0,3,3,3,8,2,1,7,1,1,1,2,5,10,2
270,5,0,1,0,2,0,0,3,9,2,5,7,0,3,3,3,8,2,1,2,0,1,0,2,5,4,2
714,1,4,1,0,0,5,7,3,7,4,5,0,0,2,0,6,8,2,2,2,3,2,5,3,5,3,1
714,1,1,1,4,0,0,0,3,9,2,5,0,0,2,0,6,8,2,2,2,3,2,5,3,5,3,1
714,1,1,1,4,0,2,10,0,6,2,5,0,0,2,0,6,8,2,2,2,0,1,0,2,5,1,1
428,5,4,0,4,0,3,13,3,6,4,5,7,0,0,0,2,8,2,1,3,0,1,1,2,5,3,2
428,5,1,1,4,0,3,5,3,7,4,5,7,0,0,0,2,8,2,1,2,3,2,5,3,5,0,2
1024,6,3,1,4,2,2,5,3,7,6,3,1,0,3,3,2,8,2,1,3,0,1,1,2,5,3,2
1024,6,1,1,1,0,1,11,3,6,1,3,1,0,3,3,2,8,2,1,3,3,2,5,3,5,3,2
835,3,0,1,4,0,1,0,3,9,2,5,0,0,0,0,3,2,2,2,2,2,0,0,2,5,5,2
835,3,0,1,4,0,4,0,3,7,2,5,0,0,0,0,3,8,2,2,4,2,1,0,2,1,3,2
321,3,0,1,4,0,1,0,1,9,4,5,1,0,3,3,8,8,2,3,2,3,2,5,3,5,10,1
321,3,0,1,4,0,1,11,3,2,2,5,1,0,3,3,8,8,2,3,4,0,1,3,2,5,3,1
321,3,0,1,1,0,2,4,0,9,2,5,1,0,3,3,8,8,2,3,2,2,1,3,2,5,4,1
321,3,4,1,4,0,3,8,3,6,1,5,1,0,3,3,8,1,2,3,7,2,0,1,2,1,16,1
1003,6,0,1,4,0,2,4,0,9,2,5,7,0,0,3,2,8,2,2,2,0,1,0,2,5,10,1
1003,6,3,1,4,0,1,8,3,7,1,5,7,0,0,3,2,8,2,2,2,2,1,3,2,1,3,1
243,6,4,1,4,0,2,13,3,4,2,5,1,0,0,3,2,8,2,1,2,1,0,3,2,5,12,2
243,6,1,1,0,0,1,4,3,2,2,5,1,0,0,3,2,8,2,1,2,1,0,1,2,5,12,2
209,0,4,1,4,0,2,0,3,9,4,3,7,0,3,3,3,8,1,1,2,0,1,0,2,5,12,2
463,6,4,1,4,0,0,0,3,7,2,5,1,0,0,0,2,8,1,1,2,2,1,0,2,5,12,2
1009,1,4,1,4,0,1,5,3,7,2,5,7,0,0,3,2,8,1,1,2,0,0,1,1,5,10,2
603,2,0,1,4,0,3,7,3,6,4,5,1,0,0,0,0,8,3,1,4,3,2,5,3,5,9,2
603,2,0,1,4,0,4,7,3,5,2,7,1,0,0,0,0,1,3,1,2,0,1,4,2,5,10,2
603,2,4,1,4,0,1,0,3,2,2,3,1,0,0,0,0,8,3,1,2,3,2,5,3,5,0,2
860,2,0,1,4,0,4,7,3,6,6,7,1,0,3,0,4,8,1,1,2,0,1,0,2,5,0,2
1004,6,4,1,2,0,2,0,3,2,2,3,1,0,0,3,2,8,1,1,2,2,1,1,2,5,11,2
471,5,2,1,0,0,0,10,3,6,6,7,1,0,0,0,2,8,2,1,7,0,1,1,2,5,9,2
471,5,0,1,4,0,4,5,0,6,4,5,1,0,0,0,2,2,2,1,2,0,1,1,2,5,0,2
270,2,4,1,4,0,2,0,3,12,2,5,1,0,0,3,2,8,3,2,2,0,1,0,2,5,10,2
270,2,1,1,2,0,4,0,3,9,2,5,1,0,0,3,2,8,3,2,4,3,2,5,3,5,12,2
270,2,1,1,2,0,4,0,3,6,6,7,1,0,0,3,2,8,3,2,2,0,0,1,2,5,1,2
270,2,4,1,4,0,2,5,3,11,6,5,1,0,0,3,2,8,3,2,2,3,2,5,3,5,10,2
925,5,1,1,2,0,1,0,3,7,2,5,1,0,0,0,2,8,2,1,2,0,0,0,1,5,10,2
925,5,0,1,4,0,3,5,3,9,4,5,1,0,0,0,2,8,2,1,9,3,2,5,3,5,7,2
576,2,1,1,4,0,3,15,3,6,4,5,1,0,0,0,2,8,1,1,2,0,1,0,2,5,11,1
953,5,1,1,4,0,2,5,3,6,4,5,1,0,3,3,2,2,2,1,2,0,1,3,2,5,0,1
953,5,0,1,4,0,0,5,3,9,4,5,1,0,3,3,2,8,2,1,7,3,2,5,3,5,10,1
285,6,4,1,5,0,4,7,3,6,4,5,1,0,0,3,2,8,2,1,4,0,1,0,2,5,3,2
285,6,1,1,4,0,4,14,3,6,4,5,1,0,0,3,2,8,2,1,2,3,2,5,3,5,10,2
375,2,0,1,2,0,1,14,3,6,2,5,1,0,3,3,2,8,2,1,2,0,1,3,2,5,1,2
375,2,4,1,4,2,0,5,3,6,2,5,1,0,3,3,2,6,2,1,3,0,0,0,2,5,16,2
800,4,4,1,4,0,2,5,3,7,4,5,7,0,0,0,2,8,1,1,7,3,2,5,3,5,3,2
471,6,1,1,1,0,1,7,3,7,2,5,7,0,3,0,2,8,2,1,2,2,0,0,2,5,9,2
471,6,0,1,1,2,2,0,3,7,2,5,7,0,3,0,2,2,2,1,2,3,2,5,3,5,10,2
506,4,4,1,4,0,3,0,3,9,1,5,4,0,3,0,4,8,2,1,3,0,1,0,2,5,16,2
506,4,1,1,4,0,2,15,3,12,4,6,4,0,3,0,4,8,2,1,2,2,1,4,2,6,3,2
1069,4,0,1,2,0,2,5,3,9,4,6,7,0,0,3,3,8,1,1,2,3,2,5,3,5,3,2
249,0,1,1,4,0,2,7,3,6,2,5,3,0,0,3,2,2,1,1,2,0,1,0,2,5,9,2
418,5,3,1,4,0,3,0,3,2,1,5,1,0,3,3,4,2,1,1,2,3,2,5,3,5,3,2
1036,0,4,1,4,0,0,11,3,7,4,5,7,0,0,3,2,8,2,1,2,0,1,1,2,5,4,2
1036,0,3,1,4,0,1,14,3,7,1,5,7,0,0,3,2,8,2,1,2,2,1,3,2,5,0,2
700,6,1,1,4,0,0,0,3,7,2,5,1,0,3,0,8,2,2,1,2,2,0,3,2,5,10,2
700,6,0,1,4,0,2,5,3,7,2,5,1,0,3,0,8,2,2,1,2,3,2,5,3,5,10,2
240,1,2,1,1,0,2,7,3,6,4,5,1,0,3,3,4,8,2,1,7,0,1,0,2,5,1,2
240,1,1,1,4,0,2,10,3,6,3,5,1,0,3,3,4,8,2,1,2,0,0,0,2,5,5,2
136,2,0,1,4,0,3,7,3,9,4,5,0,0,0,3,2,8,2,1,2,3,2,5,3,5,1,2
136,2,1,1,4,0,1,7,3,6,1,5,0,0,0,3,2,2,2,1,2,3,2,5,3,5,0,2
535,0,3,1,4,2,3,12,3,9,2,5,1,0,3,0,2,8,3,3,2,0,1,1,2,5,9,2
535,0,3,1,4,0,1,5,3,6,4,5,1,0,3,0,2,8,3,3,2,2,1,4,2,5,10,2
535,0,2,1,1,1,2,5,3,7,2,5,1,0,3,0,2,8,3,3,2,3,2,5,3,5,1,2
535,0,4,0,1,0,2,8,3,6,1,5,1,0,3,0,2,6,3,3,4,0,1,3,2,5,9,2
722,6,0,1,4,0,2,4,3,12,4,5,1,0,3,0,2,8,3,1,3,3,2,5,3,5,10,1
722,6,2,1,4,0,2,0,3,9,1,5,1,0,3,0,2,8,3,1,4,2,1,3,2,5,4,1
722,6,4,0,1,0,3,0,3,6,4,5,1,0,3,0,2,1,3,1,2,2,1,1,2,5,4,1
178,4,1,1,4,0,4,4,3,9,4,5,1,0,0,3,2,8,1,1,2,0,1,4,1,5,9,2
418,6,2,1,4,0,2,6,3,6,4,5,1,0,0,0,2,8,2,1,2,0,1,0,2,5,9,2
418,6,1,1,1,0,0,5,3,6,2,5,1,0,0,0,2,8,2,1,4,3,2,5,3,5,16,2
530,4,1,1,4,0,2,14,3,9,4,5,7,0,0,3,2,8,3,2,2,2,0,4,2,5,3,2
530,4,0,1,4,0,3,0,3,7,2,5,7,0,0,3,2,2,3,2,2,3,2,5,3,5,0,2
530,4,2,1,2,2,1,7,3,4,4,5,7,0,0,3,2,8,3,2,2,0,0,3,2,5,5,2
398,0,2,1,4,0,0,7,3,6,2,5,0,0,0,3,2,8,1,1,2,3,2,5,3,5,10,2
952,5,4,1,4,0,0,15,1,1,2,5,1,0,0,3,2,8,3,1,2,0,1,0,2,5,9,2
952,5,0,1,0,2,1,0,3,9,2,5,1,0,0,3,2,8,3,1,2,3,2,5,3,5,0,2
952,5,1,0,4,0,2,3,3,9,4,5,1,0,0,3,2,2,3,1,3,0,1,0,2,5,1,2
214,0,2,1,1,2,1,3,3,2,4,3,7,0,0,3,2,8,2,1,3,0,1,1,2,5,10,2
214,0,2,1,4,0,0,5,3,9,4,5,7,0,0,3,2,2,2,1,2,1,1,1,2,5,2,2
364,0,0,1,4,2,2,5,3,7,6,5,1,3,0,3,2,8,2,1,2,1,0,0,2,5,1,2
364,0,1,1,4,0,4,4,3,7,4,5,1,0,0,3,2,6,2,1,9,3,2,5,3,5,12,2
451,2,1,1,4,0,1,0,3,7,3,5,7,0,3,0,4,8,1,1,2,3,2,5,3,5,10,2
588,5,0,1,4,0,2,15,3,2,3,5,1,0,3,0,3,8,2,1,2,1,1,0,2,5,18,2
588,5,0,1,4,0,3,7,0,7,3,5,1,0,3,0,3,8,2,1,2,3,2,5,3,5,10,2
948,4,2,1,1,0,1,0,3,2,3,5,7,0,0,3,2,8,1,1,2,0,1,1,2,5,1,2
942,0,0,1,1,2,3,0,3,2,2,5,7,0,3,3,4,8,2,1,2,0,1,1,2,5,10,2
942,0,1,1,4,0,0,0,3,7,4,5,7,0,3,3,4,1,2,1,2,2,0,4,2,5,0,2
204,2,0,1,4,0,2,0,0,7,4,5,7,0,0,3,2,6,3,3,2,0,1,0,2,5,3,2
204,2,1,1,4,0,1,11,3,12,6,5,7,0,0,3,2,8,3,3,2,3,2,5,3,5,1,2
204,2,1,1,4,0,1,4,3,9,4,5,7,1,0,3,2,6,3,3,2,2,1,0,2,3,12,2
204,2,1,1,4,0,1,5,3,7,2,5,7,0,0,3,2,8,3,3,4,3,2,5,3,5,10,2
699,2,4,1,4,0,1,5,3,6,4,5,3,0,0,0,7,8,2,1,1,0,1,0,2,5,11,2
699,2,0,1,4,0,3,14,3,9,4,5,3,0,0,0,7,8,2,1,2,2,0,0,2,5,11,2
708,1,4,1,4,0,3,7,3,7,1,3,5,0,3,3,3,4,2,1,2,2,0,4,2,7,12,2
708,1,3,1,1,0,2,0,3,9,2,5,5,0,3,3,3,8,2,1,2,0,1,1,2,5,0,2
582,6,3,1,4,0,2,8,3,9,4,5,0,0,0,0,2,2,2,1,4,0,1,0,2,5,0,2
582,6,4,1,4,0,1,6,3,9,2,5,0,0,0,0,2,8,2,1,2,0,1,3,1,5,10,2
469,6,3,1,1,0,2,0,3,7,6,5,1,0,0,3,2,8,2,1,3,2,1,0,2,6,12,2
469,6,1,1,4,0,2,8,3,7,4,5,1,0,0,3,2,8,2,1,4,0,0,2,2,5,10,2
84,2,2,1,4,0,3,6,3,7,1,5,7,0,0,3,2,1,2,1,2,3,2,5,3,5,10,2
84,2,1,1,4,0,2,14,3,3,4,5,7,0,0,3,2,8,2,1,2,3,2,5,3,5,1,2
423,1,4,1,4,0,3,5,3,9,4,5,7,0,0,3,2,8,2,1,2,0,0,0,2,5,0,1
423,1,1,1,1,0,4,15,3,9,1,5,7,0,0,3,2,8,2,1,2,1,0,0,2,5,10,1
967,5,0,1,1,0,2,0,3,9,4,5,1,0,0,3,2,6,2,1,2,0,1,0,2,5,17,2
967,5,0,1,1,0,0,3,3,7,2,5,1,0,0,3,2,2,2,1,2,3,2,5,3,5,12,2
1019,4,4,1,1,0,2,0,3,6,2,5,1,0,0,3,2,8,2,1,2,0,1,1,2,5,9,2
1019,4,0,1,1,0,2,9,3,7,6,5,1,0,0,3,2,8,2,1,2,3,2,5,3,5,5,2
393,5,1,1,1,0,1,4,3,6,0,5,1,0,0,3,2,2,3,1,2,0,1,0,2,5,9,2
393,5,4,1,1,0,2,8,3,9,2,5,1,0,0,3,2,8,3,1,2,0,0,1,2,5,1,2
393,5,4,0,4,0,2,5,3,6,0,1,1,0,0,3,2,8,3,1,2,3,2,5,3,5,15,2
567,6,0,1,4,0,3,7,3,6,0,5,1,0,3,0,2,8,3,1,2,0,1,3,2,5,5,2
567,6,2,1,4,0,3,0,1,7,0,5,1,0,3,0,2,6,3,1,2,3,2,5,3,5,3,2
567,6,0,1,1,0,4,3,3,6,2,5,1,0,3,0,2,6,3,1,2,0,1,1,2,5,10,2
448,6,3,1,1,0,2,4,3,6,2,5,7,0,0,3,2,1,2,1,2,3,2,5,3,5,12,1
448,6,3,1,1,2,2,3,0,6,1,5,7,0,0,3,2,8,2,1,2,0,1,1,2,5,15,1
1004,5,0,1,1,0,1,0,3,7,4,5,1,0,3,3,2,8,2,3,2,2,0,4,2,5,5,2
1004,5,2,1,1,0,3,15,3,9,2,5,1,0,3,3,2,8,2,3,2,3,2,5,3,5,1,2
1004,5,2,1,1,0,1,15,3,9,2,1,1,0,3,3,2,1,2,3,2,0,0,0,2,5,1,2
676,1,3,1,4,0,3,3,3,2,2,5,0,0,0,0,2,1,2,2,2,0,1,0,2,5,1,2
676,1,3,1,4,0,4,4,3,7,2,5,0,0,0,0,2,8,2,2,9,3,2,5,3,5,1,2
676,1,1,1,4,0,1,4,3,9,2,5,0,0,0,0,2,8,2,2,3,2,0,0,2,1,9,2
930,0,0,1,1,0,2,3,3,7,4,5,7,0,0,3,2,8,2,1,2,1,0,0,2,5,10,2
930,0,1,1,1,0,2,16,3,9,4,5,7,0,0,3,2,2,2,1,2,3,2,5,3,5,15,2
185,0,4,0,1,0,0,3,3,9,2,5,0,0,0,3,2,8,1,1,3,0,1,0,2,5,10,2
438,0,0,1,1,0,2,3,3,7,2,5,7,0,0,0,2,2,2,1,2,3,2,5,3,5,3,2
438,0,2,1,4,0,0,10,3,7,2,5,7,0,0,0,2,8,2,1,3,2,1,1,2,6,10,2
82,4,2,1,4,0,2,0,3,7,4,5,0,0,0,3,2,1,2,2,2,2,0,1,2,5,10,2
82,4,0,1,1,2,0,0,3,7,0,5,0,0,0,3,2,8,2,2,2,2,0,0,2,5,10,2
133,3,1,1,4,0,2,8,3,9,2,5,3,0,3,3,2,8,2,1,2,3,2,5,3,5,1,1
133,3,0,1,4,0,1,0,3,1,4,5,3,0,3,3,2,8,2,1,4,0,0,3,2,5,10,1
702,2,1,1,4,0,1,14,3,7,6,5,7,0,3,0,2,8,1,1,4,1,0,3,2,5,12,1
552,1,3,1,4,0,2,0,3,6,4,5,7,0,3,0,4,8,2,1,2,2,1,1,2,1,0,1
552,1,0,1,4,2,4,0,3,7,4,5,7,0,3,0,4,2,2,1,7,0,1,0,2,5,9,1
325,0,1,1,2,0,4,0,3,6,4,5,1,0,0,3,2,2,1,1,2,3,2,5,3,5,3,2
219,1,1,1,4,0,2,3,3,6,1,5,0,0,0,3,2,8,4,1,2,3,2,5,3,5,0,2
219,1,1,1,4,0,4,10,3,6,4,5,0,0,0,3,2,8,4,1,2,0,1,2,2,5,11,2
219,1,1,1,4,0,1,10,3,7,4,5,0,0,0,3,2,8,4,1,2,3,2,5,3,5,10,2
219,1,1,1,4,0,1,4,0,7,0,5,0,0,0,3,2,8,4,1,3,0,1,1,2,5,10,2
280,4,4,1,4,0,2,4,3,6,3,5,1,0,0,3,2,8,1,1,2,0,1,0,1,5,17,2
589,2,1,1,1,0,2,8,3,9,6,5,7,0,3,0,4,8,1,2,2,3,2,5,3,5,10,1
589,2,1,1,4,2,2,0,0,1,4,5,7,0,3,0,4,8,1,2,2,2,1,0,2,1,6,1
476,1,0,1,4,0,2,0,3,7,6,5,7,0,3,0,4,8,2,1,2,0,0,0,2,5,9,2
476,1,0,1,4,2,2,0,3,9,6,5,7,0,3,0,4,8,2,1,2,1,1,2,2,5,11,2
219,5,2,1,3,0,1,3,3,7,6,5,7,0,0,3,2,8,1,1,3,3,2,5,3,5,0,2
294,5,2,1,4,0,2,3,3,7,6,5,7,0,0,3,2,5,2,1,2,0,1,0,2,5,0,2
294,5,1,1,4,0,4,0,3,7,1,5,7,0,0,3,2,8,2,1,2,3,2,5,3,5,7,2
431,3,2,1,4,0,0,14,3,7,2,5,1,0,3,3,4,2,1,2,3,0,1,0,2,5,10,1
431,3,2,1,1,0,1,0,3,7,6,5,1,0,3,3,4,8,1,2,3,3,2,5,3,5,1,1
78,0,1,1,1,0,1,7,3,12,4,5,1,0,0,3,2,8,2,1,2,3,2,5,3,5,1,2
78,0,2,1,1,0,2,13,3,6,2,5,1,0,0,3,2,8,2,1,9,0,1,3,2,5,9,2
555,1,1,1,4,0,2,5,3,6,2,5,1,0,3,0,2,8,2,1,9,3,2,5,3,5,2,2
555,1,0,1,4,0,2,8,3,6,2,5,1,0,3,0,2,8,2,1,2,0,1,1,2,5,0,2
4,5,3,1,4,0,3,4,3,12,2,5,1,0,0,0,3,8,1,1,2,0,1,0,2,5,1,2
599,0,4,0,4,0,3,5,0,12,4,5,7,0,0,0,7,2,2,1,2,3,2,5,3,5,10,2
599,0,1,1,4,2,3,6,3,6,2,5,7,1,0,0,7,2,2,1,2,0,1,1,1,5,1,2
498,6,4,1,4,0,6,0,3,6,2,5,1,0,0,3,2,8,2,1,2,3,2,5,3,5,1,2
498,6,1,1,4,0,2,0,0,12,2,5,1,0,0,3,2,2,2,1,2,0,1,0,2,5,10,2
295,1,1,1,4,0,1,0,3,7,2,5,1,0,0,3,2,2,1,1,1,0,0,0,2,5,1,2
82,1,4,1,1,0,2,14,3,7,2,5,7,0,0,3,2,8,2,1,3,0,1,0,2,5,3,2
82,1,4,0,4,0,1,0,3,7,4,5,7,3,0,3,2,8,2,1,4,3,2,5,3,5,3,2
399,5,4,1,2,2,2,11,3,7,2,5,7,0,0,3,2,2,2,1,2,2,0,1,2,5,1,2
399,5,0,1,4,0,3,11,3,9,4,5,7,0,0,3,2,8,2,1,2,2,1,4,2,5,17,2
295,4,3,1,4,0,1,14,0,7,4,5,7,0,0,3,2,8,2,1,2,2,1,4,2,5,1,2
295,4,0,1,1,0,1,0,3,7,4,5,7,0,0,3,2,8,2,1,2,0,1,1,2,5,9,2
413,0,2,1,2,2,3,2,3,4,4,5,1,0,3,0,2,8,2,2,2,3,2,5,3,5,10,2
413,0,0,1,1,0,0,0,3,1,4,5,1,0,3,0,2,8,2,2,2,2,0,1,2,5,17,2
290,2,0,1,4,0,3,5,3,2,2,5,7,0,3,3,2,8,2,2,2,2,1,3,2,5,3,2
290,2,0,1,4,0,2,0,3,6,2,5,7,0,3,3,2,1,2,2,2,0,1,1,2,5,1,2
95,0,1,1,4,2,2,10,3,7,2,5,4,0,0,3,2,8,3,1,2,3,2,5,3,5,2,2
95,0,1,1,0,0,2,13,3,6,4,5,4,0,0,3,2,2,3,1,2,2,1,1,1,6,0,2
95,0,4,0,4,0,2,0,3,6,2,5,4,0,0,3,2,8,3,1,2,2,1,4,2,1,3,2
441,4,3,1,4,0,3,10,3,7,2,5,4,0,0,0,2,8,2,1,2,3,2,5,3,5,10,2
441,4,0,1,4,0,0,0,3,9,4,5,4,0,0,0,2,8,2,1,3,0,1,1,2,5,9,2
1036,5,1,1,4,0,1,5,3,6,6,7,7,0,0,3,2,8,2,1,2,3,2,5,3,5,11,2
1036,5,1,1,4,0,4,5,3,9,6,5,7,0,0,3,2,8,2,1,3,0,1,0,2,5,9,2
175,6,1,1,4,0,3,9,3,12,2,5,7,0,3,3,4,8,2,1,3,1,1,3,2,5,9,2
175,6,2,1,4,0,0,5,3,6,2,2,7,0,3,3,4,8,2,1,2,0,1,0,2,5,16,2
846,2,4,0,0,0,2,5,3,7,6,5,7,0,0,0,2,8,2,1,2,3,2,5,3,5,0,2
846,2,1,1,4,0,2,9,3,7,4,5,7,0,0,0,2,8,2,1,2,0,1,0,2,5,1,2
468,2,0,1,1,2,4,11,3,2,6,5,5,0,0,0,2,2,3,2,2,3,2,5,3,5,16,2
468,2,0,1,4,0,2,0,3,6,2,5,5,2,0,0,2,8,3,2,2,1,0,3,2,5,14,2
468,2,1,1,4,0,3,8,3,7,2,5,5,0,0,0,2,2,3,2,2,1,1,4,2,5,13,2
774,3,0,1,4,0,2,14,3,6,2,6,1,0,0,0,2,8,2,1,2,3,2,5,3,5,12,1
774,3,1,1,4,0,0,7,3,6,2,5,1,0,0,0,2,8,2,1,4,0,1,0,2,5,1,1
293,4,4,1,4,2,1,0,3,6,2,2,1,0,0,3,2,8,2,1,2,2,1,1,2,6,9,2
293,4,1,1,4,0,6,0,3,2,4,2,1,0,0,3,2,1,2,1,2,2,1,0,1,5,0,2
369,1,3,1,4,0,3,14,3,6,4,1,7,0,0,3,2,8,2,5,5,3,2,5,3,5,11,2
369,1,1,1,4,2,1,8,3,7,0,1,7,0,0,3,2,8,2,5,7,0,1,1,2,5,10,2
369,1,1,1,4,0,2,5,3,7,2,5,7,0,0,3,2,8,2,5,2,3,2,5,3,5,12,2
369,1,1,1,4,0,1,0,3,2,5,7,7,0,0,3,2,1,2,5,4,3,2,5,3,5,10,2
369,1,1,1,4,0,0,0,3,12,4,5,7,1,0,3,2,2,2,5,3,0,1,0,2,5,10,2
29,4,0,1,4,0,2,5,3,2,2,5,1,0,3,2,3,8,2,1,2,3,2,5,3,5,9,2
29,4,2,1,4,0,1,5,3,6,4,5,1,0,3,2,3,8,2,1,4,1,1,1,2,5,1,2
321,6,0,1,1,0,2,5,3,7,6,5,1,0,0,3,2,8,2,1,3,0,1,0,2,5,11,1
321,6,1,1,0,2,2,8,3,2,2,4,1,0,0,3,2,8,2,1,2,3,2,5,3,5,9,1
815,2,0,1,4,0,1,8,0,7,0,5,1,0,0,0,2,8,2,1,2,2,1,0,2,6,7,2
815,2,0,1,4,0,1,0,0,7,0,5,1,0,0,0,2,8,2,1,3,3,2,5,3,5,16,2
723,2,0,1,4,0,1,7,1,6,2,1,3,0,0,0,2,8,3,6,2,0,1,0,2,5,14,2
723,2,0,1,4,0,2,0,1,7,2,5,3,0,0,0,2,2,3,6,1,2,0,1,2,5,1,2
723,2,4,1,4,0,0,0,3,7,2,5,3,0,0,0,2,2,3,6,2,0,0,0,2,5,8,2
723,2,4,1,4,2,1,0,0,9,2,5,3,0,0,0,2,8,3,6,2,3,2,5,3,5,13,2
723,2,4,1,2,2,1,11,3,6,2,5,3,0,0,0,2,8,3,6,3,2,0,3,2,6,0,2
723,2,4,1,4,0,2,5,3,2,1,5,3,0,0,0,2,8,3,6,2,2,0,4,2,5,1,2
723,2,4,1,4,2,0,11,3,7,4,5,3,0,0,0,2,8,3,6,2,0,1,1,1,5,11,2
432,5,3,1,4,0,4,0,3,0,6,3,1,0,0,3,2,8,1,1,2,3,2,5,3,5,15,1
637,4,2,1,2,0,0,0,3,9,2,5,7,0,3,0,2,6,2,2,2,0,1,0,2,5,0,2
637,4,0,1,0,0,0,0,3,6,4,5,7,0,3,0,2,8,2,2,2,3,2,5,3,5,12,2
360,1,2,1,4,0,3,0,3,1,6,5,7,0,0,3,2,2,1,1,3,3,2,5,3,5,1,2
418,6,4,1,2,0,0,5,0,6,6,6,1,0,0,3,2,1,2,1,2,0,1,0,2,5,10,2
418,6,0,1,4,0,1,0,3,4,6,5,1,0,0,3,2,8,2,1,2,0,1,1,2,5,11,2
1025,0,1,1,0,1,1,10,3,7,2,5,0,0,0,3,2,8,1,1,3,2,0,1,2,6,10,1
963,4,1,1,2,0,3,0,3,9,4,5,1,0,0,3,2,8,2,1,3,2,1,0,2,5,12,2
963,4,1,1,1,0,2,11,0,9,6,5,1,0,0,3,2,8,2,1,2,0,0,0,2,5,13,2
1014,1,4,1,2,0,0,5,3,4,6,5,1,0,0,3,2,8,1,1,2,3,2,5,3,5,3,2
488,0,3,1,2,0,2,0,3,9,4,5,1,0,0,3,2,8,2,1,2,2,1,4,2,1,0,2
488,0,1,1,2,0,1,4,3,9,6,5,1,0,0,3,2,8,2,1,2,2,1,1,2,5,3,2
68,2,4,1,4,0,0,10,3,6,4,5,7,0,0,3,2,2,2,1,2,2,1,1,2,8,0,2
68,2,2,1,0,0,3,10,3,6,0,0,7,0,0,3,2,6,2,1,2,2,0,3,2,7,12,2
769,3,4,0,0,0,1,0,3,6,6,5,1,0,0,0,2,8,2,1,2,1,0,1,2,5,10,2
769,3,3,2,1,0,2,3,3,6,4,0,1,0,0,0,2,1,2,1,2,0,1,0,2,5,1,2
229,6,1,1,1,0,0,5,3,6,1,5,1,0,0,3,2,8,4,2,2,3,2,5,3,5,1,2
229,6,3,1,4,0,2,4,3,6,4,5,1,0,0,3,2,8,4,2,2,0,1,1,2,5,2,2
229,6,2,1,4,0,2,5,3,6,6,5,1,0,0,3,2,1,4,2,4,3,2,5,3,5,10,2
229,6,4,2,1,0,2,9,3,9,6,5,1,0,0,3,2,1,4,2,2,0,1,0,2,5,1,2
578,4,4,1,4,0,1,0,3,9,1,5,3,0,0,3,2,8,2,1,7,3,2,5,3,5,0,2
578,4,3,1,4,0,2,15,3,7,1,5,3,0,0,3,2,8,2,1,2,0,1,0,2,5,7,2
897,0,2,1,2,0,1,0,3,2,4,5,3,0,0,3,2,8,2,1,7,3,2,5,3,5,13,2
897,0,1,1,4,0,0,0,3,1,6,5,3,0,0,3,2,8,2,1,2,0,1,1,2,5,13,2
496,4,1,1,4,0,0,0,3,4,4,5,1,0,0,0,2,8,2,2,7,3,2,5,3,5,10,2
496,4,0,1,4,0,2,5,3,9,6,5,1,0,0,0,2,2,2,2,2,0,1,1,2,5,12,2
418,2,2,1,3,0,6,0,3,9,6,8,1,0,0,3,7,8,1,1,2,3,2,5,3,5,16,2
91,3,4,1,4,0,2,0,3,6,0,5,1,0,0,3,2,8,2,3,7,2,0,1,2,8,11,2