Time,Day_of_week,Age_band_of_driver,Sex_of_driver,Educational_level,Vehicle_driver_relation,Driving_experience,Type_of_vehicle,Owner_of_vehicle,Area_accident_occured,Lanes_or_Medians,Road_allignment,Types_of_Junction,Road_surface_type,Road_surface_conditions,Light_conditions,Weather_conditions,Type_of_collision,Number_of_vehicles_involved,Number_of_casualties,Vehicle_movement,Casualty_class,Sex_of_casualty,Age_band_of_casualty,Casualty_severity,Pedestrian_movement,Cause_of_accident,Accident_severity
42,6,1,1,4,0,2,10,0,7,4,5,7,0,0,3,2,8,2,2,2,3,2,5,3,5,0,2
42,6,1,1,4,0,0,0,3,12,6,5,7,0,0,0,8,6,1,1,2,0,1,0,2,5,12,2
646,6,0,1,1,1,2,8,3,9,4,5,7,0,3,0,4,8,2,1,2,0,1,1,1,5,9,2
646,6,0,1,4,0,1,0,3,7,2,5,7,0,3,0,4,8,2,1,2,3,2,5,3,5,9,2
646,6,0,1,1,0,2,5,3,6,4,5,7,4,0,0,2,8,1,1,2,0,1,0,2,5,10,0
102,0,2,1,4,0,3,0,3,9,4,5,7,3,3,3,4,4,2,1,2,0,1,0,2,5,1,2
102,0,1,1,4,0,3,5,3,7,1,3,7,3,3,3,4,8,2,1,2,3,2,5,3,5,1,2
102,0,1,1,1,2,1,5,3,9,2,5,7,0,2,0,3,2,2,1,2,0,1,0,2,5,9,2
394,4,1,1,1,0,2,5,3,9,4,5,7,0,2,0,3,8,2,1,2,3,2,5,3,5,3,2
394,4,0,1,4,2,0,10,3,9,2,5,7,2,0,3,2,8,3,1,2,0,1,1,2,5,5,2
221,1,1,1,1,0,3,0,3,7,6,5,7,0,0,3,2,8,3,1,2,3,2,5,3,5,10,2
221,1,0,1,4,0,2,7,3,7,4,5,7,0,0,3,2,1,3,1,3,0,1,1,2,5,10,2
563,0,1,1,4,0,1,7,3,7,1,5,7,0,0,0,2,8,2,1,2,1,0,4,2,5,12,2
563,0,1,1,1,0,3,7,3,3,4,5,7,0,0,0,2,8,2,1,2,1,0,1,2,5,4,2
772,2,3,1,4,0,1,0,3,9,4,5,7,2,0,3,2,8,2,1,2,3,2,5,3,5,12,2
772,2,3,1,1,0,3,7,3,9,1,5,7,0,0,3,2,6,2,1,2,0,1,1,2,5,12,2
772,2,3,1,4,0,3,5,3,9,4,5,7,0,0,3,2,2,1,1,9,3,2,5,3,5,12,1
1025,6,0,1,4,0,1,9,3,7,2,5,7,0,3,3,2,8,2,1,2,1,1,4,2,5,10,2
349,4,1,1,4,0,3,5,3,6,2,5,7,0,3,3,2,8,2,1,2,3,2,5,3,5,9,2
349,4,1,1,4,0,3,9,3,7,6,5,7,0,0,0,2,2,1,1,2,1,0,1,2,5,1,1
627,2,3,1,4,0,4,5,3,6,0,5,7,0,3,0,2,8,1,1,2,0,1,1,1,5,3,2
706,6,1,0,4,2,3,7,3,9,2,5,7,0,0,3,2,8,1,2,2,3,2,5,3,5,0,2
706,6,0,1,2,1,3,5,3,6,0,1,7,0,0,3,2,8,1,2,2,3,2,5,3,5,10,2
685,2,3,1,4,0,2,0,3,6,0,5,7,0,3,3,2,6,1,1,2,0,1,0,2,5,1,1
685,2,3,1,1,0,2,11,1,7,0,5,7,0,0,0,7,6,1,2,2,0,1,0,2,5,5,1
873,5,3,1,4,0,2,5,3,6,2,5,7,2,0,0,7,1,1,2,2,0,1,0,1,5,10,1
873,5,3,1,4,0,2,7,3,6,2,5,7,0,0,3,2,8,1,1,9,1,0,4,2,5,17,2
873,5,0,1,4,2,4,7,0,6,1,5,7,0,3,0,2,8,2,1,2,3,2,5,3,5,10,2
1054,1,1,1,4,0,2,0,3,7,4,5,7,0,3,0,2,8,2,1,7,3,2,5,3,5,1,2
1054,1,1,1,1,0,1,5,3,9,2,5,7,0,3,3,2,1,1,1,4,0,1,1,2,5,12,2
515,6,4,1,4,2,1,8,3,9,2,1,7,2,0,3,2,1,1,1,2,2,0,0,2,6,1,1
515,6,3,1,1,0,1,0,3,2,2,5,7,0,0,0,2,8,1,1,2,3,2,5,3,5,0,1
360,6,2,1,4,2,1,0,3,7,2,5,7,0,0,3,2,8,3,2,9,0,1,0,2,5,10,0
360,6,0,1,4,0,3,7,3,9,2,5,7,0,0,3,2,8,3,2,4,2,1,0,2,6,11,0
203,5,1,1,4,0,1,0,3,7,4,5,7,0,0,3,2,2,3,2,2,0,1,0,2,5,3,0
203,5,2,1,4,0,0,14,3,9,4,5,7,0,0,3,2,8,3,2,2,0,0,0,2,5,10,0
646,0,4,1,4,0,1,7,3,9,2,5,7,0,0,3,2,2,1,1,4,3,2,5,3,5,3,2
646,0,3,1,4,0,0,0,3,7,2,5,7,0,0,3,2,8,2,1,2,2,1,4,2,0,3,1
535,0,2,1,4,0,2,12,3,7,2,5,7,0,0,3,2,8,2,1,9,0,1,0,2,5,9,1
175,2,4,1,4,0,2,0,3,7,4,5,7,4,0,3,2,2,3,1,2,3,2,5,3,5,16,2
488,6,1,1,1,2,1,7,3,7,0,5,7,0,0,3,2,8,3,1,9,2,0,0,2,5,12,2
488,6,1,1,1,0,4,5,3,9,2,5,7,0,0,3,2,8,3,1,2,3,2,5,3,5,12,2
488,6,1,1,4,0,2,5,3,1,4,5,7,0,0,3,2,2,2,1,3,0,1,0,2,5,9,2
488,6,0,1,4,0,3,5,3,7,6,5,7,0,0,3,2,2,2,1,2,2,1,0,2,7,16,2
958,6,0,1,2,0,0,14,3,6,4,5,7,0,0,3,2,8,4,1,2,1,0,0,2,5,0,2
958,6,0,1,4,2,2,5,3,7,4,5,7,0,0,3,2,8,4,1,2,3,2,5,3,5,1,2
51,4,3,1,4,0,0,0,3,6,4,5,7,0,0,3,2,8,4,1,7,1,1,3,2,5,16,2
51,4,2,1,4,0,3,0,3,6,1,5,7,2,0,3,2,8,4,1,7,0,1,0,2,5,14,2
755,2,2,0,4,0,4,8,3,6,4,5,7,0,0,3,2,8,2,1,7,2,0,1,2,1,13,2
30,3,0,1,1,0,1,15,3,7,4,5,7,0,0,3,2,8,2,1,2,3,2,5,3,5,12,2
30,3,0,1,4,0,2,0,0,7,0,5,7,0,3,3,2,8,1,1,2,0,1,0,2,5,1,2
64,1,0,1,1,0,2,0,3,6,3,5,7,0,0,2,2,8,3,2,2,0,1,0,2,5,9,2
64,1,0,1,4,2,0,0,3,9,6,5,7,0,0,2,2,8,3,2,2,0,1,0,2,5,0,2
196,2,0,1,4,0,2,3,0,1,4,5,7,0,0,2,2,8,3,2,3,3,2,5,3,5,11,2
196,2,2,1,5,1,2,9,3,7,6,5,7,0,0,2,2,8,3,2,2,0,1,0,2,5,10,2
196,2,2,1,2,0,1,8,3,9,6,5,7,0,0,3,2,8,2,1,3,3,2,5,3,5,12,2
459,1,0,1,4,0,0,0,3,7,6,5,7,0,0,3,2,8,2,1,3,0,1,1,2,5,10,2
459,1,1,1,4,0,2,7,3,7,6,5,7,0,0,3,3,8,2,1,2,3,2,5,3,5,10,2
459,1,1,1,4,0,1,5,3,7,1,5,7,0,0,3,3,8,2,1,4,3,2,5,3,5,9,2
459,1,1,1,4,0,5,0,3,7,2,5,7,0,3,0,2,8,1,2,2,0,1,0,1,5,1,2
443,0,1,1,4,0,3,8,3,7,6,5,7,0,3,0,2,8,1,2,4,3,2,5,3,5,11,2
443,0,3,1,4,0,3,5,3,12,4,5,7,0,0,0,2,8,1,4,2,0,1,1,2,5,9,0
443,0,1,1,4,0,2,5,3,6,2,5,7,0,0,0,2,2,1,4,7,2,1,3,2,1,7,0
443,0,1,1,2,0,1,3,3,6,2,5,7,2,0,0,2,8,1,4,2,3,2,5,3,5,16,0
443,0,1,1,2,2,1,11,3,6,2,5,7,0,0,0,2,1,1,4,2,0,0,0,2,5,14,0
99,3,0,1,4,0,4,11,3,12,2,5,7,0,3,0,4,8,2,1,2,0,0,0,2,5,1,2
99,3,0,1,4,2,3,0,0,12,4,5,7,0,3,0,4,2,2,1,2,3,2,5,3,5,8,2
99,3,1,1,4,0,3,0,3,6,2,5,7,0,0,3,2,8,2,1,2,3,2,5,3,5,13,2
822,2,0,1,1,0,1,0,3,6,2,5,7,0,0,3,2,8,2,1,2,0,1,1,2,5,0,2
822,2,0,1,4,0,1,7,0,12,2,5,7,0,0,3,2,8,3,1,2,0,0,0,2,5,1,2
418,5,1,1,5,0,3,9,3,7,2,5,7,0,0,3,2,8,3,1,4,3,2,5,3,5,11,2
418,5,3,1,1,0,2,0,3,7,2,5,7,0,0,3,2,8,3,1,2,0,1,1,2,5,15,2
428,0,1,1,4,0,4,14,3,7,4,5,7,0,0,3,2,6,2,1,2,0,0,0,2,5,0,2
428,0,3,1,1,0,4,0,3,7,2,5,7,0,0,3,2,2,2,1,2,3,2,5,3,5,12,2
441,5,1,1,4,0,4,0,3,9,4,5,7,0,0,3,2,8,2,1,2,0,1,1,2,5,1,2
441,5,1,1,4,0,2,0,0,7,4,5,7,3,0,3,2,2,2,1,7,2,0,1,2,5,10,2
476,3,1,1,4,2,2,0,3,7,4,5,7,0,0,3,2,8,1,1,2,3,2,5,3,5,11,2
772,6,1,1,2,2,2,0,3,4,4,5,7,0,0,3,2,8,2,1,2,0,1,3,2,5,10,1
772,6,1,1,4,0,2,8,3,1,4,5,7,0,0,3,2,8,2,1,4,0,1,0,2,5,12,1
308,6,3,1,4,0,1,16,3,2,2,5,7,0,0,3,2,8,1,1,2,2,1,0,2,6,13,2
308,6,3,1,1,0,2,8,3,6,2,5,7,0,0,0,2,8,2,1,2,0,1,0,2,5,3,2
308,6,2,1,4,0,1,7,3,7,2,5,7,0,0,0,2,2,2,1,2,3,2,5,3,5,0,2
290,2,4,1,4,0,4,14,3,6,4,5,7,0,0,3,2,8,3,1,9,1,1,1,2,5,3,2
290,2,0,1,1,0,1,8,3,6,2,5,7,0,0,3,2,2,3,1,2,0,1,0,2,5,0,2
290,2,0,1,4,0,1,5,3,7,2,5,7,0,0,3,2,8,3,1,2,3,2,5,3,5,12,2
183,3,1,1,4,0,1,5,3,9,4,5,7,0,0,3,2,8,2,1,7,3,2,5,3,5,10,2
183,3,0,1,4,0,2,0,3,6,6,7,7,0,0,3,2,8,2,1,4,0,0,1,2,5,1,2
183,3,0,1,4,0,2,0,3,9,6,5,7,0,3,3,2,8,1,1,2,0,1,1,2,5,1,1
183,3,0,1,4,0,2,8,3,12,2,5,7,0,3,3,4,8,2,1,2,0,1,0,2,5,2,1
183,3,0,1,4,2,2,8,3,6,2,2,7,0,3,3,4,8,2,1,3,1,0,0,2,5,10,1
516,0,0,1,4,0,1,5,3,7,6,5,7,0,0,3,2,8,2,1,7,3,2,5,3,5,1,2
516,0,0,1,4,0,4,9,3,7,4,5,7,0,0,3,2,8,2,1,2,0,1,0,2,5,0,2
100,6,0,1,4,0,0,7,3,2,6,5,7,0,0,0,2,8,1,1,2,3,2,5,3,5,7,2
100,6,0,1,4,0,4,14,3,6,2,5,7,4,0,3,2,8,2,1,3,0,1,1,2,5,13,2
958,5,2,1,4,0,3,0,3,7,2,5,7,0,0,3,2,8,2,1,2,3,2,5,3,5,13,2
958,5,0,1,4,0,4,0,3,6,2,6,7,0,0,3,2,6,2,1,2,2,0,0,2,1,10,2
958,5,0,1,4,0,1,5,3,6,2,5,7,0,0,3,2,2,2,1,2,0,0,0,2,5,12,2
388,5,0,1,4,0,0,14,3,6,2,2,7,0,0,3,2,8,2,1,2,0,0,1,2,5,16,2
388,5,1,1,1,0,2,5,3,2,4,2,7,0,0,3,2,8,2,1,2,0,1,1,2,5,11,2
531,1,3,1,4,2,4,11,3,6,4,1,7,0,0,3,2,2,2,2,2,3,2,5,3,5,10,2
531,1,4,1,4,0,4,0,3,7,0,1,7,0,0,3,2,8,2,2,2,0,1,2,2,5,1,2
489,5,0,1,6,0,4,0,3,7,2,5,7,4,0,3,2,8,1,1,2,3,2,5,3,5,3,2
489,5,1,1,4,0,0,0,3,2,5,7,7,0,0,3,2,8,2,2,7,0,1,0,1,5,1,2
489,5,1,1,1,2,2,0,3,12,4,5,7,0,0,3,2,6,2,2,2,3,2,5,3,5,16,2
321,3,0,1,4,0,1,5,3,2,2,5,7,0,0,3,2,6,4,5,2,0,1,1,2,5,13,2
321,3,1,1,4,2,4,5,3,6,4,5,7,0,0,3,2,1,4,5,2,2,1,1,1,5,4,2
321,3,1,1,6,0,2,0,3,7,6,5,7,0,0,3,2,8,4,5,2,2,0,1,2,5,2,2
48,5,0,1,6,0,2,14,3,2,2,4,7,0,0,3,2,8,4,5,2,0,1,0,2,5,19,2
560,1,1,1,4,0,2,9,0,7,0,5,7,0,0,3,2,8,4,5,2,2,0,0,2,5,1,2
306,0,0,1,4,0,1,9,0,7,0,5,7,0,0,3,2,1,4,5,4,0,1,2,2,5,10,2
306,0,1,1,4,0,3,0,1,6,2,1,7,0,0,3,2,1,3,1,3,3,2,5,3,5,13,1
306,0,1,1,4,0,2,9,1,7,2,5,7,4,0,3,2,8,3,1,4,0,1,0,2,5,12,1
994,3,3,1,4,0,3,9,3,7,2,5,7,0,0,3,2,8,3,1,2,3,2,5,3,5,0,1
715,1,4,1,4,0,1,5,0,9,2,5,7,0,0,3,2,8,2,2,2,0,1,0,1,5,11,1
715,1,0,1,4,0,4,0,3,6,2,5,7,0,0,3,2,2,2,2,2,1,0,0,2,5,16,1
334,0,0,1,4,0,4,5,3,2,1,5,7,0,0,3,2,8,2,2,4,0,0,3,2,5,3,1
334,0,2,1,4,2,2,0,3,7,4,5,7,1,0,0,2,2,2,3,2,3,2,5,3,5,12,2
334,0,2,0,4,0,1,0,3,0,6,3,7,0,0,0,2,8,2,3,2,0,1,0,2,5,11,2
680,3,1,1,1,0,4,14,3,7,2,7,7,0,0,0,2,8,2,3,2,3,2,5,3,5,1,2
680,3,1,1,4,0,1,0,3,7,4,7,7,0,0,0,2,2,2,3,2,0,1,0,2,5,3,2
680,3,0,1,4,0,2,0,3,2,4,5,7,0,0,3,2,8,1,1,2,3,2,5,3,5,1,2
680,3,0,1,2,0,3,0,0,9,4,5,7,0,3,3,4,8,2,1,2,3,2,5,3,5,1,2
390,1,0,1,2,0,3,14,3,7,4,5,7,2,3,3,4,2,2,1,3,0,1,1,2,5,0,2
390,1,1,1,4,0,2,0,3,7,2,5,7,0,3,3,4,2,4,1,3,0,1,1,2,5,17,2
390,1,2,1,1,0,0,7,3,7,0,5,7,0,3,3,4,8,4,1,2,3,2,5,3,5,3,2
334,0,1,1,1,0,2,7,3,1,2,5,7,0,3,3,4,8,4,1,2,0,1,1,2,5,10,2
334,0,1,1,4,0,2,0,3,1,1,5,7,0,3,3,4,8,4,1,9,3,2,5,3,5,3,2
295,2,2,1,4,0,0,5,3,7,2,5,7,0,0,3,2,8,2,2,2,3,2,5,3,5,0,2
565,6,1,1,4,2,2,5,1,6,2,5,7,0,0,3,2,8,2,2,2,0,1,1,2,5,12,2
565,6,2,0,2,2,3,5,3,9,2,5,7,0,0,3,2,8,2,2,2,0,1,4,1,5,1,2
414,0,2,1,4,2,4,0,3,7,2,5,7,0,3,3,2,8,1,1,2,3,2,5,3,5,10,1
466,1,0,1,6,2,2,0,3,9,4,3,7,0,0,3,2,8,2,1,2,2,1,1,2,5,9,1
466,1,0,1,0,0,3,10,3,2,0,5,7,0,0,3,2,8,2,1,2,0,0,1,2,5,9,1
1027,5,1,1,2,0,4,10,3,7,1,5,7,0,0,3,2,8,2,1,2,3,2,5,3,5,10,1
1027,5,2,1,4,0,0,5,3,6,2,7,7,3,0,3,2,8,2,1,2,0,1,1,2,5,10,1
73,4,2,1,4,0,3,5,3,7,4,5,7,0,0,3,2,8,2,1,2,3,2,5,3,5,10,2
73,4,2,0,4,2,3,9,3,1,2,3,7,0,0,3,2,8,2,1,4,3,2,5,3,5,11,2
680,4,0,1,4,0,3,7,3,7,4,5,7,0,0,3,2,8,1,1,1,0,0,2,2,5,3,2
680,4,0,1,4,0,5,5,3,6,2,5,7,0,3,3,4,8,1,1,2,3,2,5,3,5,1,2
360,0,3,1,4,0,0,0,0,9,4,5,7,0,0,3,2,8,2,1,2,0,0,1,2,5,0,2
360,0,0,1,3,2,0,7,3,6,1,5,7,0,0,3,2,8,2,1,2,2,0,0,2,5,3,2
360,0,1,1,4,2,4,6,3,6,2,5,7,0,0,3,2,8,1,1,4,2,0,0,2,5,3,2
565,2,0,1,4,2,0,0,3,2,0,5,7,0,0,3,2,2,2,2,2,0,1,1,2,5,10,1
565,2,0,1,4,2,1,0,3,2,4,5,7,0,0,3,2,8,2,2,3,3,2,5,3,5,13,1
565,2,0,1,5,2,2,5,3,9,4,5,7,0,0,3,2,1,2,1,4,0,1,0,2,5,1,2
1052,3,1,1,5,2,3,0,3,7,4,5,7,0,0,3,2,8,2,1,2,3,2,5,3,5,1,2
1052,3,0,1,4,2,1,11,3,7,6,5,7,0,0,3,2,2,2,1,2,0,1,1,2,5,10,2
105,6,2,1,1,2,3,5,3,7,4,5,7,0,0,3,2,8,2,1,2,3,2,5,3,5,10,2
105,6,2,0,6,2,2,11,3,9,4,5,7,0,0,3,2,8,2,1,2,0,0,0,2,5,17,2
972,0,1,1,4,2,2,5,3,6,4,5,7,0,0,3,2,8,2,1,2,0,0,0,2,5,2,2
896,0,0,1,4,2,2,5,3,9,4,5,7,0,0,3,2,8,1,1,2,3,2,5,3,5,12,2
896,0,0,1,4,2,4,5,3,7,2,5,7,0,0,3,2,8,2,1,2,0,1,0,2,5,11,2
1041,4,0,1,4,2,1,9,3,7,2,5,7,0,0,3,2,6,2,1,2,3,2,5,3,5,12,2
1041,4,0,1,1,0,1,9,3,1,2,5,7,0,0,0,2,2,1,1,2,0,1,0,2,5,13,2
1046,0,1,1,4,0,1,14,3,2,1,5,7,0,0,3,2,8,2,3,2,3,2,5,3,5,13,2
1046,0,1,1,4,0,1,5,3,12,2,5,7,0,0,3,2,8,2,3,2,3,2,5,3,5,9,2
466,1,2,1,4,0,2,0,3,6,4,5,7,0,0,3,2,2,2,3,2,0,1,1,2,5,10,2
466,1,1,1,4,0,2,8,3,7,2,5,7,0,0,3,2,8,2,1,2,0,1,0,2,5,9,2
362,3,1,1,4,0,3,0,3,9,4,5,7,0,0,3,2,8,2,1,2,3,2,5,3,5,12,2
362,3,3,1,1,0,2,10,3,7,4,5,7,2,0,0,2,8,3,1,2,3,2,5,3,5,3,2
340,5,1,1,4,0,2,11,3,7,6,3,7,0,0,0,2,8,3,1,2,0,0,0,2,5,10,2
340,5,3,1,4,0,3,14,3,6,1,3,7,0,0,0,2,8,3,1,2,1,0,1,1,5,13,2
660,2,0,1,1,2,2,0,3,9,2,5,7,0,0,3,2,8,3,3,2,0,1,1,2,5,1,2
660,2,0,1,4,2,2,5,3,7,2,5,7,0,0,3,2,1,3,3,2,3,2,5,3,5,10,2
939,6,1,1,4,0,2,14,1,9,4,5,7,2,0,3,2,8,3,3,2,0,1,0,2,5,3,2
939,6,3,1,4,0,4,5,3,2,2,5,7,0,0,3,2,2,3,3,9,3,2,5,3,5,10,2
590,3,2,1,4,0,2,9,0,9,2,5,7,0,0,3,2,8,1,1,3,3,2,5,3,5,12,1
909,6,1,1,4,0,2,5,3,6,1,5,7,2,0,0,2,8,1,1,2,0,1,0,2,5,1,1
909,6,3,1,4,0,2,7,0,9,2,5,7,0,0,3,2,8,2,1,2,2,1,1,2,6,11,1
147,0,0,1,4,0,3,14,3,7,1,5,7,0,0,3,2,8,2,1,3,1,1,3,2,5,12,1
147,0,0,0,2,0,3,0,3,4,2,5,7,0,0,3,2,8,2,1,2,2,0,0,1,5,0,2
147,0,2,1,4,0,3,11,3,2,2,5,7,0,0,3,2,8,2,1,3,3,2,5,3,5,18,2
516,5,1,1,4,0,3,7,3,9,4,3,7,0,0,3,2,8,2,1,2,0,1,0,1,5,4,2
516,5,2,1,4,0,3,5,3,7,2,5,7,0,0,3,2,8,2,1,2,2,0,0,2,5,3,2
127,3,3,0,4,0,3,0,3,7,2,5,7,0,0,3,2,8,1,1,2,3,2,5,3,5,4,1
127,3,2,1,4,0,2,11,3,6,4,5,7,0,0,3,2,2,6,2,4,0,1,0,2,5,3,1
141,2,0,1,4,0,1,0,3,5,2,7,7,0,0,3,2,8,6,2,4,3,2,5,3,5,11,1
141,2,0,1,4,0,4,0,3,2,2,3,7,0,0,3,2,2,6,2,2,3,2,5,3,5,3,1
1022,0,1,1,4,0,4,8,3,6,6,7,7,0,0,3,2,8,6,2,7,0,1,1,2,5,1,1
985,4,0,1,4,0,1,9,3,2,2,3,7,0,0,3,2,8,6,2,2,0,1,1,2,5,9,1
757,0,0,1,1,0,4,5,3,6,6,7,7,1,0,3,2,8,6,2,2,3,2,5,3,5,3,1
757,0,1,1,4,0,4,5,0,6,4,5,7,0,0,3,2,1,2,2,2,0,1,1,2,5,1,2
731,3,0,1,4,0,2,5,3,12,2,5,7,0,0,3,2,8,2,2,2,3,2,5,3,5,3,2
731,3,0,1,4,0,2,10,3,9,2,5,7,0,0,3,2,8,2,2,3,3,2,5,3,5,3,2
731,3,0,1,6,0,4,5,3,6,6,7,7,0,0,3,2,8,1,1,2,0,1,1,1,5,3,2
731,3,2,1,4,0,4,5,3,11,6,5,7,0,0,3,2,1,2,1,2,3,2,5,3,5,1,1
731,3,2,1,4,0,0,6,3,7,2,5,7,0,0,3,2,2,2,1,2,0,1,0,2,5,1,1
463,5,1,0,1,0,3,5,3,9,4,5,7,0,0,3,2,8,2,1,2,0,1,4,2,5,3,1
463,5,4,1,1,0,3,12,3,6,4,5,7,0,0,3,2,8,2,1,2,2,1,4,2,1,16,1
463,5,4,1,1,0,4,0,3,6,4,5,7,0,0,3,2,8,2,1,3,0,1,0,2,5,1,2
280,3,1,1,2,0,1,5,3,9,4,5,7,0,0,3,2,8,2,1,2,3,2,5,3,5,10,2
280,3,3,1,4,0,1,8,3,6,4,5,7,0,0,3,2,8,3,2,2,0,1,1,2,5,13,2
887,0,0,1,0,0,3,11,3,6,4,5,7,0,0,3,2,8,3,2,3,3,2,5,3,5,1,2
887,0,0,1,4,0,1,14,3,6,2,5,7,0,0,3,2,8,3,2,3,1,0,3,2,5,1,2
718,6,1,1,4,0,1,0,3,6,2,5,7,0,0,3,2,2,1,1,2,0,1,0,2,5,16,2
718,6,1,1,2,0,0,9,3,7,4,5,7,0,0,3,2,2,1,1,9,1,0,0,2,5,13,2
535,5,2,1,4,0,2,0,3,7,2,5,7,0,0,3,2,8,2,2,9,0,1,0,2,5,4,2
535,5,1,1,4,0,4,0,3,7,2,5,7,0,0,3,2,8,2,2,2,1,0,0,2,5,16,2
501,6,0,1,4,0,4,0,3,9,1,5,7,0,0,3,2,8,2,2,2,3,2,5,3,5,12,2
429,3,1,1,1,0,2,5,3,12,4,6,7,0,0,3,2,8,1,1,2,0,1,1,2,5,9,2
429,3,1,1,4,0,4,0,3,9,4,6,7,3,0,3,2,8,2,1,2,0,1,0,1,5,13,2
428,4,1,1,4,0,0,0,3,6,2,5,7,0,0,3,2,6,2,1,2,3,2,5,3,5,12,2
428,4,1,1,1,0,1,9,3,2,1,5,7,0,0,3,2,8,1,1,2,3,2,5,3,5,11,1
428,4,2,1,2,0,0,15,3,7,4,5,7,0,3,0,4,2,2,3,1,0,1,0,2,5,1,2
466,0,0,1,4,0,2,0,3,7,1,5,7,0,3,0,4,1,2,3,3,3,2,5,3,5,1,2
466,0,3,1,4,0,4,9,3,7,2,5,7,0,3,0,4,8,2,3,4,0,1,1,2,5,1,2
990,1,4,1,2,0,3,14,3,7,2,5,7,0,0,3,2,8,1,2,2,0,1,0,2,5,4,1
195,5,0,1,1,2,2,14,3,6,4,5,7,0,0,3,2,8,1,2,2,3,2,5,3,5,0,1
195,5,3,1,1,0,4,0,3,6,3,5,7,0,0,3,2,8,2,1,2,0,1,3,2,5,9,1
777,0,4,1,4,0,2,5,3,9,4,5,7,0,0,3,2,8,2,1,2,0,1,1,2,5,2,1
777,0,0,1,1,2,2,0,3,6,1,5,7,0,0,3,2,8,2,1,2,1,0,1,2,5,9,1
777,0,0,1,4,0,1,9,3,9,2,5,7,0,0,3,2,8,2,1,2,3,2,5,3,5,10,1
662,5,1,1,4,0,3,0,3,6,4,5,7,0,0,3,2,2,1,1,2,0,1,1,2,5,13,2
662,5,0,1,4,0,2,0,3,7,2,5,7,0,0,3,2,6,2,1,2,0,1,1,2,5,12,2
85,0,1,1,2,0,0,5,3,6,1,5,7,0,0,3,2,8,2,1,2,0,1,0,2,5,1,2
408,1,0,1,1,0,2,0,3,12,4,5,7,3,0,3,2,1,2,1,2,3,2,5,3,5,13,2
408,1,2,1,1,0,1,6,3,9,1,5,7,0,0,3,2,8,2,1,2,2,0,4,2,5,10,2
408,1,2,1,4,0,4,0,3,6,4,5,7,0,3,3,2,8,1,1,2,0,1,4,2,5,3,1
506,3,2,1,4,0,4,0,3,9,4,5,7,0,0,3,3,1,2,1,3,3,2,5,3,5,10,2
506,3,2,1,4,0,2,0,3,6,4,5,7,0,0,3,3,1,2,1,2,0,1,1,2,5,9,2
506,3,1,0,4,2,2,0,3,9,1,5,7,2,3,3,2,8,2,1,3,3,2,5,3,5,10,2
506,3,1,0,1,0,0,11,3,7,6,5,7,0,3,3,2,8,2,1,3,1,0,3,2,5,9,2
506,3,1,1,4,0,2,0,2,7,2,5,7,0,0,3,2,8,1,1,2,3,2,5,3,5,11,2
352,4,4,1,1,0,3,0,3,6,2,5,7,0,0,3,2,8,1,1,2,3,2,5,3,5,0,2
352,4,1,1,4,2,0,0,3,6,2,5,7,3,0,3,2,8,2,1,2,0,1,0,2,5,10,2
343,0,3,1,4,0,2,7,3,9,2,5,7,0,0,3,2,2,2,1,2,0,1,0,2,5,13,2
343,0,2,1,4,0,3,14,3,7,2,5,7,0,0,3,2,8,2,1,2,0,0,1,2,5,10,2
958,4,0,0,1,2,1,5,0,7,4,5,7,0,0,3,2,8,2,1,2,3,2,5,3,5,11,2
958,4,1,1,4,0,2,15,3,6,2,5,7,2,0,0,2,8,1,1,2,0,1,0,2,5,9,1
423,1,1,1,4,0,4,7,3,6,2,5,7,0,0,3,2,8,1,1,4,0,1,1,2,5,11,2
329,1,1,1,4,0,2,9,3,2,4,5,7,0,0,3,2,8,1,1,2,0,1,1,2,5,10,2
1060,1,2,1,2,0,3,0,0,7,1,5,7,0,3,3,4,8,1,1,2,1,0,4,2,5,11,2
1060,1,2,1,4,0,2,0,3,6,4,5,7,0,3,3,4,8,2,2,5,1,0,4,2,5,3,2
1060,1,4,1,1,0,0,10,3,6,2,5,7,0,3,3,4,8,2,2,7,1,0,4,2,5,7,2
51,0,0,1,4,0,2,5,3,9,2,5,7,2,3,3,4,8,2,2,2,3,2,5,3,5,3,2
1018,4,2,1,1,0,0,5,3,7,4,5,7,0,0,3,2,8,3,2,4,0,0,1,2,5,0,2
195,4,0,1,4,2,0,4,3,9,2,5,7,0,0,3,2,8,3,2,3,3,2,5,3,5,12,2
195,4,3,1,0,2,0,6,0,6,2,5,7,0,0,3,2,8,3,2,2,3,2,5,3,5,1,2
428,6,0,1,4,2,2,5,3,6,4,5,7,0,0,3,2,8,3,2,4,0,1,0,2,5,1,2
428,6,1,1,4,0,2,14,3,7,4,5,7,0,3,3,4,8,1,1,3,0,1,1,2,5,10,2
669,2,0,1,1,0,2,0,3,7,6,3,7,0,0,3,2,8,3,1,2,3,2,5,3,5,10,2