Time,Day_of_week,Age_band_of_driver,Sex_of_driver,Educational_level,Vehicle_driver_relation,Driving_experience,Type_of_vehicle,Owner_of_vehicle,Area_accident_occured,Lanes_or_Medians,Road_allignment,Types_of_Junction,Road_surface_type,Road_surface_conditions,Light_conditions,Weather_conditions,Type_of_collision,Number_of_vehicles_involved,Number_of_casualties,Vehicle_movement,Casualty_class,Sex_of_casualty,Age_band_of_casualty,Casualty_severity,Pedestrian_movement,Cause_of_accident,Accident_severity
372,6,3,1,2,2,4,7,3,6,1,3,7,0,0,3,2,2,3,1,2,2,0,0,2,5,0,2
372,6,1,1,4,0,3,7,3,9,2,5,7,0,0,3,2,8,3,1,3,0,0,0,2,5,1,2
438,5,0,1,4,0,2,15,3,7,2,5,7,0,0,3,2,8,2,2,2,3,2,5,3,5,12,2
438,5,0,1,4,0,4,0,1,9,4,5,7,0,0,3,2,8,2,2,1,1,1,1,2,5,0,2
712,2,1,1,4,0,3,3,3,2,2,5,7,0,0,3,2,8,1,1,2,1,0,0,2,5,12,2
965,1,0,1,4,0,2,3,0,9,2,5,7,2,3,3,4,1,1,1,2,0,1,4,1,5,9,2
965,1,0,1,4,2,3,5,3,6,1,5,7,0,3,3,4,8,2,2,3,0,1,1,2,5,18,2
633,3,1,1,4,0,2,5,0,9,2,5,7,0,3,3,4,8,2,2,2,3,2,5,3,5,10,2
633,3,4,1,4,0,0,4,3,7,1,5,7,0,3,3,4,8,1,2,2,3,2,5,3,5,10,2
619,2,2,1,4,0,0,0,3,4,2,5,7,0,3,3,4,8,1,2,2,0,0,3,1,5,10,2
516,4,0,1,4,0,0,15,3,2,2,5,7,4,0,3,2,8,2,1,2,0,0,1,2,5,0,2
389,6,1,1,2,0,1,7,3,9,4,3,7,3,0,3,2,8,2,1,2,3,2,5,3,5,12,2
521,5,0,1,2,2,3,0,3,7,2,5,7,3,0,3,2,8,1,1,3,1,1,2,2,5,2,1
521,5,0,2,1,0,1,0,3,7,2,5,7,0,0,3,2,8,1,1,2,2,1,1,2,6,16,2
322,1,0,1,4,0,3,0,3,6,4,5,7,0,0,3,2,1,1,1,2,2,0,0,2,1,13,2
511,6,3,0,2,0,1,0,3,5,2,7,7,2,3,0,8,8,1,1,3,0,1,1,2,5,0,1
511,6,0,1,4,1,5,11,3,2,2,3,7,0,0,3,2,8,2,2,3,3,2,5,3,5,11,2
655,5,1,1,4,0,0,4,3,6,6,7,7,0,0,3,2,8,2,2,2,0,1,0,2,5,0,2
655,5,1,1,4,2,2,5,3,2,2,3,7,0,0,0,2,8,2,1,2,1,1,0,2,5,10,2
452,1,1,1,4,0,0,5,3,6,6,7,7,0,0,0,2,2,2,1,2,3,2,5,3,5,9,2
452,1,0,1,4,0,3,14,0,6,4,5,7,2,0,3,2,8,2,1,2,0,1,1,2,5,0,2
637,6,0,1,4,0,0,7,3,12,2,5,7,0,0,3,2,8,2,1,2,3,2,5,3,5,13,2
728,0,1,1,4,0,0,0,3,9,2,5,7,0,0,3,2,8,2,2,2,0,1,1,2,5,10,2
728,0,1,1,4,0,1,8,3,6,6,7,7,0,0,3,2,8,2,2,2,2,1,0,1,6,9,2
728,0,0,1,2,0,0,6,3,11,6,5,7,0,0,3,2,8,1,1,2,2,1,0,2,6,10,2
317,0,2,0,4,0,0,0,3,7,2,5,7,0,3,3,4,8,2,4,2,2,1,0,2,6,0,2
428,6,1,1,1,0,3,8,3,9,4,5,7,0,3,3,4,8,2,4,2,0,1,1,2,5,0,2
428,6,0,1,4,0,3,6,3,6,4,5,7,0,3,3,4,2,2,4,4,3,2,5,3,5,11,2
889,2,0,1,1,0,3,14,3,6,4,5,7,0,3,3,4,8,2,4,2,0,1,0,1,5,0,2
889,2,2,1,4,0,3,5,3,9,4,5,7,0,3,3,4,8,2,4,7,3,2,5,3,5,3,2
889,2,2,1,4,0,0,15,3,6,4,5,7,0,3,3,4,8,2,2,2,3,2,5,3,5,3,2
95,4,2,1,4,0,2,0,3,6,4,5,7,2,3,3,4,8,2,2,7,0,1,0,2,5,11,2
95,4,0,1,2,2,1,3,3,6,2,5,7,0,3,3,4,6,2,2,2,2,0,4,2,0,7,2
461,6,0,1,4,0,1,0,3,6,2,5,7,0,0,3,2,8,1,1,7,2,0,4,2,0,10,2
461,6,0,1,4,0,2,9,3,7,4,5,7,0,0,3,2,8,2,1,2,3,2,5,3,5,0,2
461,6,0,1,4,0,2,4,3,7,2,5,7,0,0,3,2,2,2,1,2,0,1,2,2,5,12,2
418,0,1,1,4,0,1,8,3,7,2,5,7,2,3,3,2,8,2,1,7,0,1,4,2,5,10,1
44,1,0,1,2,0,3,5,3,9,1,5,7,0,3,3,2,8,2,1,4,3,2,5,3,5,11,1
44,1,2,1,1,0,2,7,3,12,4,6,7,0,3,3,2,8,2,1,2,0,1,0,2,5,11,2
73,1,1,1,4,0,3,0,3,9,4,6,7,0,3,3,2,2,2,1,2,3,2,5,3,5,12,2
73,1,1,1,6,0,1,3,3,6,2,5,7,0,0,3,2,2,2,1,2,2,0,3,2,1,3,2
516,0,0,1,4,0,1,4,3,2,1,5,7,0,0,3,2,8,2,1,3,2,0,1,1,1,1,2
471,2,0,1,2,0,1,3,3,7,4,5,7,0,0,3,2,8,2,1,2,3,2,5,3,5,0,2
471,2,0,1,4,0,0,0,3,7,1,5,7,0,0,3,2,2,2,1,2,0,1,0,2,5,9,2
473,2,2,1,2,0,2,15,3,7,2,5,7,0,0,0,2,2,1,1,2,0,1,1,2,5,3,1
463,6,0,1,1,0,1,15,3,7,2,5,7,4,0,3,2,8,1,1,2,3,2,5,3,5,4,2
574,1,0,1,4,0,0,3,3,6,4,5,7,0,0,3,2,8,2,1,4,0,1,0,2,5,4,2
574,1,1,1,1,0,0,4,3,6,3,5,7,0,0,3,2,8,2,1,2,3,2,5,3,5,11,2
672,4,1,1,2,0,5,4,3,9,4,5,7,0,0,3,2,2,1,1,2,0,1,3,2,5,0,1
672,4,1,1,4,2,2,3,3,6,1,5,7,0,0,3,2,8,2,1,9,1,0,4,2,5,1,1
200,1,2,0,4,0,0,16,3,9,2,5,7,0,0,3,2,3,2,1,2,1,0,4,2,5,3,1
200,1,2,0,4,0,1,3,3,6,4,5,7,0,0,3,2,8,2,1,3,1,1,4,2,5,10,2
837,4,1,0,4,0,2,3,3,7,2,5,7,0,0,3,2,2,2,1,3,1,0,1,2,5,7,2
244,0,1,1,4,0,2,10,3,6,1,5,7,2,0,3,2,8,2,3,2,0,0,0,2,5,5,2
244,0,2,1,4,0,2,0,3,12,4,5,7,0,0,3,2,8,2,3,4,3,2,5,3,5,1,2
446,4,1,1,4,0,1,0,3,9,1,5,7,0,0,3,2,8,2,3,2,0,0,0,2,5,3,2
182,3,2,1,4,0,3,8,3,6,4,5,7,0,0,3,2,8,2,3,2,0,1,3,2,5,9,2
182,3,1,1,4,2,3,0,3,9,4,5,7,0,0,3,2,8,3,3,2,0,1,0,2,5,18,2
235,5,0,1,4,0,2,14,3,6,4,5,7,0,0,3,2,3,3,3,2,0,0,0,2,5,1,2
235,5,1,1,1,2,3,0,3,6,2,5,7,0,0,3,2,3,3,3,2,3,2,5,3,5,3,2
164,5,1,1,4,0,2,0,3,9,4,5,7,0,0,3,2,0,3,3,2,3,2,5,3,5,12,2
164,5,0,1,4,2,2,0,3,7,2,5,7,0,0,0,2,0,6,2,2,0,1,1,2,5,9,2
164,5,1,1,4,2,3,3,3,4,4,5,7,0,0,0,2,0,6,2,2,3,2,5,3,5,0,2
164,5,1,0,2,2,3,10,3,6,2,5,7,0,0,0,2,0,6,2,4,0,0,1,2,5,17,2
991,6,0,1,4,0,2,10,1,1,2,5,7,0,0,0,2,0,6,2,2,0,1,4,1,5,10,2
991,6,0,1,1,0,2,4,3,9,2,5,7,0,0,0,2,0,6,2,5,3,2,5,3,5,3,2
991,6,2,1,1,2,3,4,3,9,4,5,7,0,0,0,2,0,6,2,2,3,2,5,3,5,10,2
145,0,2,1,4,2,4,8,3,2,4,3,7,0,0,3,2,0,3,2,2,0,0,3,2,5,0,2
145,0,2,1,4,2,1,0,3,9,4,5,7,0,0,3,2,0,3,2,2,0,1,0,2,5,11,2
145,0,1,1,4,2,1,0,3,7,6,5,7,2,0,3,2,0,3,2,10,3,2,5,3,5,10,2
186,4,1,1,2,2,2,0,3,7,4,5,7,0,0,3,2,0,2,1,2,3,2,5,3,5,10,1
186,4,1,1,4,2,2,3,3,7,3,5,7,0,0,3,2,0,2,1,2,0,1,0,2,5,0,1
99,3,3,1,4,2,4,3,3,2,3,5,7,0,0,3,2,5,2,4,2,3,2,5,3,5,10,2
99,3,0,1,1,2,3,0,0,7,3,5,7,0,0,3,2,6,2,4,2,0,1,1,2,5,0,2
99,3,1,1,1,2,4,14,3,2,3,5,7,0,0,3,2,0,2,4,9,2,1,0,2,6,10,2
99,3,1,1,4,2,2,0,3,2,2,5,7,0,0,3,2,6,2,4,2,0,1,4,2,5,10,2
64,1,2,1,4,2,2,7,3,7,4,5,7,0,0,3,2,0,4,2,2,0,0,0,2,5,10,2
728,4,1,1,4,2,2,13,0,7,4,5,7,0,0,3,2,0,4,2,3,3,2,5,3,5,0,2
728,4,1,1,4,0,0,5,3,12,6,5,7,0,0,3,2,8,4,2,2,0,1,1,2,5,1,2
445,0,2,1,2,2,2,8,3,9,4,5,7,0,0,3,2,4,4,2,3,3,2,5,3,5,9,2
445,0,1,1,4,0,2,4,3,7,2,5,7,0,0,3,2,3,4,2,2,3,2,5,3,5,1,2
149,5,2,0,4,0,2,5,3,6,4,5,7,3,0,3,2,3,2,1,2,0,1,1,1,5,10,2
149,5,1,1,4,0,2,6,3,9,4,5,7,0,0,3,2,6,2,1,2,3,2,5,3,5,16,2
967,5,2,1,4,0,3,0,3,7,1,3,7,0,0,3,2,0,1,1,2,0,1,1,2,5,13,1
967,5,0,1,4,0,2,0,3,9,2,5,7,0,0,0,2,0,2,1,10,0,1,1,2,5,13,2
967,5,1,1,4,0,5,0,3,9,4,5,7,0,0,0,2,4,2,1,2,3,2,5,3,5,1,2
418,5,0,1,0,0,4,14,3,9,2,5,7,0,0,3,2,3,3,1,2,0,1,0,2,5,11,2
463,6,4,0,1,0,2,0,3,7,6,5,7,0,0,3,2,0,3,1,2,0,1,0,2,5,12,2
1071,4,1,1,1,0,2,11,3,7,4,5,7,0,0,3,2,0,3,1,2,0,0,0,2,5,0,2
1071,4,2,1,4,0,2,11,3,7,1,5,7,0,0,3,2,1,1,2,2,3,2,5,3,5,0,1
476,0,1,1,2,0,2,14,3,3,4,5,7,0,0,3,2,8,1,2,2,0,1,1,2,5,16,1
476,0,4,1,4,0,2,0,3,9,4,5,7,0,0,0,2,8,1,1,8,3,2,5,3,5,10,0
535,5,0,1,4,0,1,2,3,9,1,5,7,0,0,3,2,1,2,2,9,2,1,1,2,5,12,2
535,5,1,1,6,0,2,0,3,9,4,5,7,0,0,3,2,8,2,2,1,0,0,3,2,5,1,2
535,5,1,1,4,0,3,5,3,7,2,5,7,0,0,3,2,2,3,2,3,3,2,5,3,5,0,2
535,5,1,1,4,0,0,0,3,6,2,5,7,0,0,3,2,8,3,2,3,0,0,0,2,5,10,2
200,0,1,1,6,0,4,10,3,7,6,5,7,0,0,3,2,8,3,2,2,3,2,5,3,5,3,2
200,0,0,1,1,0,0,13,3,6,0,5,7,0,0,0,2,8,2,2,9,3,2,5,3,5,11,2
990,6,2,1,4,0,2,0,3,9,2,5,7,0,0,0,2,6,2,2,2,0,1,0,2,5,3,2
242,5,3,1,1,0,3,10,3,6,0,1,7,4,0,3,2,8,1,1,2,2,0,3,2,1,9,2
369,1,1,1,4,0,2,0,3,6,0,5,7,0,0,3,2,8,1,1,10,0,1,1,2,5,10,2
369,1,1,1,1,0,1,5,1,7,0,5,7,0,0,3,2,8,3,1,2,3,2,5,3,5,10,2
1019,4,0,1,4,0,1,5,3,6,2,5,7,0,0,3,2,1,3,1,2,0,0,2,2,5,10,2
1019,4,2,1,4,0,3,9,3,6,2,5,7,0,0,3,2,8,3,1,10,3,2,5,3,5,0,2
1019,4,2,1,4,0,1,5,0,6,1,5,7,0,0,3,2,2,2,1,8,3,2,5,3,5,0,2
789,4,1,1,4,2,4,5,3,7,4,5,7,0,0,3,2,8,2,1,2,0,1,0,2,5,9,2
944,6,2,1,4,0,1,9,3,9,2,5,7,0,0,3,2,6,2,2,3,3,2,5,3,5,1,2
944,6,1,1,4,0,3,11,3,9,2,1,7,4,0,3,2,8,2,2,1,0,0,1,2,5,12,2
128,6,2,1,4,0,1,0,3,2,2,5,7,0,0,3,2,8,2,2,2,2,1,3,2,1,9,2
491,4,2,1,1,0,3,8,3,7,2,5,7,0,3,0,4,8,2,3,2,3,2,5,3,5,3,2
491,4,3,1,1,0,3,14,3,9,2,5,7,0,3,0,4,8,2,3,9,0,1,0,2,5,3,2
279,2,1,1,1,1,3,7,3,7,4,5,7,0,3,0,4,8,2,3,3,0,1,1,2,5,5,2
279,2,0,1,4,0,3,0,3,9,4,5,7,0,3,0,4,2,2,3,2,3,2,5,3,5,11,2
793,2,4,1,4,0,4,0,3,9,2,5,7,0,0,3,2,8,2,1,3,3,2,5,3,5,12,2
433,6,2,1,1,0,2,14,3,7,2,5,7,0,0,3,2,8,2,1,2,0,0,2,2,5,3,2
113,2,0,1,4,0,1,8,3,7,2,5,7,0,0,3,2,2,1,1,2,2,0,3,1,5,9,2
113,2,2,1,4,0,3,5,3,7,4,5,7,0,0,3,2,2,2,1,2,3,2,5,3,5,3,1
113,2,2,1,4,0,4,0,3,7,0,5,7,4,0,3,2,8,2,1,2,0,1,0,2,5,12,1
113,2,2,1,4,2,1,0,3,9,2,5,7,0,0,3,2,8,2,3,2,0,1,0,2,5,1,2
55,3,2,1,4,0,3,5,3,1,4,5,7,0,0,3,2,8,2,3,2,1,0,3,2,5,0,2
55,3,1,1,6,0,1,5,3,7,6,5,7,0,0,3,2,8,2,3,2,1,0,3,2,5,12,2
55,3,1,1,4,0,1,5,3,6,4,5,7,0,0,3,2,2,1,1,2,0,1,0,2,5,3,2
481,5,1,1,2,0,1,8,3,7,4,5,7,1,0,3,2,8,2,1,2,3,2,5,3,5,9,2
481,5,0,1,4,0,0,8,3,6,4,5,7,0,0,3,2,8,2,1,2,3,2,5,3,5,10,2
225,6,2,1,2,0,2,0,3,6,1,5,7,0,0,3,2,8,1,1,2,0,0,0,2,5,0,2
225,6,2,1,1,0,1,7,3,6,4,5,7,0,0,3,2,8,1,1,4,0,1,1,2,5,0,2
225,6,1,1,4,0,0,0,3,7,4,5,7,0,0,3,2,8,2,1,4,0,1,0,2,5,10,2
326,5,0,1,1,0,0,0,0,7,0,5,7,0,0,3,2,8,2,1,2,3,2,5,3,5,0,2
1065,4,2,1,2,0,5,6,3,6,3,5,7,2,0,3,2,2,2,1,2,3,2,5,3,5,3,2
132,1,4,1,4,2,2,0,3,9,6,5,7,0,0,3,2,8,2,1,1,0,1,3,2,5,0,2
132,1,0,1,4,0,0,0,0,1,4,5,7,0,0,0,2,1,2,2,2,3,2,5,3,5,10,2
132,1,0,1,4,0,1,9,3,7,6,5,7,0,0,0,2,2,2,2,2,0,1,1,1,5,1,2
68,6,3,1,4,0,2,3,3,9,6,5,7,0,0,0,2,2,2,2,2,0,0,0,2,5,10,2
68,6,3,1,4,0,2,0,3,7,6,5,7,0,0,3,2,8,2,1,2,3,2,5,3,5,4,2
68,6,1,1,4,0,2,0,3,7,6,5,7,0,0,3,2,6,2,1,2,3,2,5,3,5,10,2
506,4,0,1,4,0,1,11,3,7,1,5,7,0,0,0,2,8,2,2,1,0,1,0,2,5,16,2
506,4,1,1,4,0,3,8,3,7,2,5,7,0,0,0,2,8,2,2,2,3,2,5,3,5,5,2
506,0,1,1,4,2,3,5,3,7,6,5,7,0,0,3,2,8,2,1,2,0,1,0,2,5,11,2
506,0,0,1,4,0,2,0,3,12,4,5,7,0,0,3,2,8,2,1,4,3,2,5,3,5,9,2
136,0,1,1,1,2,3,10,3,6,2,5,7,0,0,3,2,8,1,1,2,0,1,0,2,5,1,1
136,0,1,1,4,0,2,0,3,6,2,5,7,3,0,3,2,8,2,1,2,2,0,1,2,5,0,2
944,6,2,1,4,2,2,11,3,6,2,5,7,0,0,3,2,8,2,1,2,3,2,5,3,5,1,2
944,6,1,1,4,2,3,9,3,12,2,5,7,0,0,3,2,8,2,1,2,0,1,1,2,5,5,2
6,1,0,1,2,2,3,0,0,12,4,5,7,0,0,3,2,2,2,1,2,0,1,0,2,5,12,2
6,1,1,1,4,0,2,5,3,6,2,5,7,0,0,3,2,8,2,1,7,0,1,0,2,5,12,2
580,2,0,0,1,0,2,0,3,6,2,5,7,0,0,3,2,8,2,1,4,0,0,1,2,5,0,2
580,2,1,1,1,2,3,8,0,12,2,5,7,0,0,3,2,8,3,3,2,3,2,5,3,5,1,2
535,6,1,1,4,2,4,9,3,7,2,5,7,0,0,3,2,8,3,3,2,1,0,1,2,5,1,2
535,6,3,1,4,2,1,0,3,7,2,5,7,0,0,3,2,1,3,3,2,2,1,1,2,6,0,2
141,4,4,1,4,2,1,0,3,7,4,5,7,0,0,3,2,8,3,3,2,3,2,5,3,5,0,2
141,4,0,0,2,2,2,0,3,7,2,5,7,0,0,3,2,8,2,1,2,0,1,3,2,5,7,2
740,0,0,1,4,2,2,14,3,9,4,5,7,0,0,3,2,8,2,1,2,0,1,4,2,5,16,2
963,1,0,1,4,2,4,7,0,7,4,5,7,0,3,3,4,8,2,1,2,2,1,4,2,2,0,2
939,0,1,1,1,2,3,7,3,7,4,5,7,0,3,3,4,8,2,1,2,2,1,0,2,6,5,2
939,0,1,1,1,2,4,7,3,4,4,5,7,0,0,3,2,8,2,1,2,1,1,0,2,5,3,2
766,2,4,1,4,2,2,10,3,1,4,5,7,0,0,3,2,2,2,1,3,0,0,0,2,5,9,2
766,2,0,1,4,2,2,5,3,2,2,5,7,0,0,3,2,8,2,1,3,3,2,5,3,5,10,2
317,6,2,1,4,2,2,9,3,6,2,5,7,0,0,3,2,8,2,1,9,3,2,5,3,5,12,2
317,6,1,1,4,0,0,0,3,7,2,5,7,0,0,3,2,8,2,1,4,0,0,0,2,5,17,2
418,6,4,1,2,2,2,0,3,6,4,5,7,0,0,3,2,8,2,1,4,0,0,1,2,5,0,2
418,6,1,1,4,0,2,14,3,6,2,5,7,0,0,3,2,8,2,1,2,3,2,5,3,5,10,2
369,5,0,1,4,0,2,5,3,7,2,5,7,0,0,3,2,8,2,1,2,0,0,0,2,5,9,2
222,2,1,1,4,0,2,5,3,9,4,5,7,4,0,3,2,8,2,1,4,3,2,5,3,5,12,2
222,2,0,1,4,0,3,5,3,6,6,7,7,0,0,3,2,8,2,1,4,0,0,0,2,5,12,2
175,0,2,0,4,0,2,11,3,9,6,5,7,0,0,0,2,6,2,1,2,3,2,5,3,5,10,2
175,0,0,1,4,0,5,9,3,12,2,5,7,0,0,0,2,8,2,1,7,0,1,1,2,5,10,2
334,0,2,1,0,0,4,7,3,6,2,2,7,0,0,3,2,8,1,4,4,0,1,0,2,5,16,2
334,0,1,1,1,0,2,9,3,7,6,5,7,0,0,3,2,8,1,4,9,3,2,5,3,5,5,2
334,0,1,0,1,0,2,7,3,7,4,5,7,0,0,3,2,2,1,4,2,2,0,0,2,5,1,2
334,0,1,1,4,0,2,9,3,2,6,5,7,0,0,3,2,8,1,4,2,2,0,1,2,0,0,2
334,0,1,1,2,0,2,14,3,6,2,5,7,0,0,3,2,8,1,1,2,1,0,2,2,5,3,1
829,2,3,1,4,0,2,0,3,7,2,5,7,0,0,3,2,8,1,1,2,0,1,0,2,5,9,2
766,6,0,1,4,0,1,5,3,6,2,6,7,0,0,0,2,2,2,1,2,3,2,5,3,5,9,2
317,1,0,1,6,0,2,13,3,6,2,5,7,0,0,0,2,8,2,1,2,0,0,1,2,5,1,2
836,0,0,1,4,0,3,5,3,6,2,2,7,0,3,0,2,8,2,1,2,0,1,2,2,5,12,1
836,0,0,1,4,0,0,5,3,2,4,2,7,0,3,0,2,8,2,1,2,1,1,2,2,5,2,1
836,0,0,1,6,0,4,11,3,6,4,1,7,4,0,3,2,8,1,2,2,3,2,5,3,5,5,2
836,0,0,1,1,0,0,0,3,7,0,1,7,0,0,3,2,2,1,2,4,0,1,0,2,5,1,2
352,2,0,1,4,0,2,0,3,7,2,5,7,0,0,0,2,8,2,3,2,3,2,5,3,5,3,2
1014,0,3,1,4,0,0,0,3,2,5,7,7,0,0,0,2,8,2,3,2,0,1,4,2,5,10,2
16,3,0,1,1,2,2,11,3,12,4,5,7,0,0,0,2,8,2,3,3,3,2,5,3,5,0,2
16,3,1,1,4,0,1,4,3,2,2,5,7,0,0,3,2,8,2,1,2,0,0,0,2,5,10,1
16,3,1,1,4,2,4,8,3,6,4,5,7,0,0,3,2,8,2,1,3,3,2,5,3,5,10,1
7,3,0,0,6,0,2,4,3,7,6,5,7,0,0,3,2,1,2,1,4,0,1,4,2,5,7,0
7,3,0,1,6,0,2,8,3,2,2,4,7,0,0,3,2,8,2,1,2,2,1,0,2,5,16,0
326,2,4,1,4,0,2,13,0,7,0,5,7,0,0,3,2,8,2,1,7,0,1,4,1,5,3,2
326,2,1,1,4,0,1,4,0,7,0,5,7,4,0,3,2,2,2,1,2,0,0,1,2,5,5,2
326,2,1,1,4,0,3,0,1,6,2,1,7,0,0,3,2,8,2,1,4,3,2,5,3,5,9,2
388,2,3,1,4,0,2,0,1,7,2,5,7,0,0,3,2,8,2,1,4,0,0,3,2,5,17,2
388,2,3,1,4,0,3,5,3,7,2,5,7,0,0,3,2,1,3,1,4,3,2,5,3,5,5,2
593,0,3,1,4,0,1,7,0,9,2,5,7,0,0,3,2,8,3,1,8,0,1,0,2,5,1,2
593,0,1,0,4,0,4,7,3,6,2,5,7,0,0,3,2,8,3,1,4,3,2,5,3,5,0,2
574,1,2,1,4,0,4,0,3,2,1,5,7,0,0,0,2,1,2,1,4,0,1,0,2,5,10,2
574,1,1,1,4,2,2,7,3,7,4,5,7,2,0,0,2,1,2,1,4,1,0,3,2,5,10,2
574,1,1,1,4,0,1,0,3,0,6,3,7,0,0,0,2,1,2,2,2,2,1,1,2,6,12,2
543,5,0,1,1,0,4,10,3,9,2,5,7,0,0,0,2,2,2,2,2,2,1,4,2,1,9,2
543,5,0,1,4,0,1,5,3,6,4,5,7,0,0,0,2,8,2,1,2,0,0,1,2,5,9,2
466,2,2,1,4,0,2,0,3,1,6,5,7,0,0,0,2,8,2,1,2,3,2,5,3,5,7,2
466,2,0,1,2,0,3,0,0,6,6,6,7,0,0,3,2,8,2,1,2,0,0,1,2,5,0,2
691,3,1,1,2,0,3,0,3,4,6,5,7,0,0,3,2,8,2,1,2,3,2,5,3,5,0,2
691,3,1,1,4,0,2,5,3,7,2,5,7,0,0,3,2,8,1,1,2,3,2,5,3,5,12,2
298,1,2,1,1,0,0,0,3,9,4,5,7,0,0,2,2,8,1,4,2,0,1,0,2,5,1,1
298,1,2,0,1,0,2,5,0,9,6,5,7,0,0,2,2,1,1,4,2,3,2,5,3,5,1,1
298,1,0,0,4,0,2,15,3,4,6,5,7,0,0,2,2,2,1,4,2,0,0,0,2,5,3,1
458,3,1,1,4,0,0,5,3,9,4,5,7,0,0,2,2,8,1,4,2,0,0,1,1,5,0,1
458,3,2,1,4,2,2,5,3,9,6,5,7,0,0,1,2,8,3,1,7,3,2,5,3,5,1,2
711,2,0,0,2,2,3,7,3,6,4,5,7,0,0,1,2,8,3,1,2,3,2,5,3,5,5,2
711,2,0,0,4,2,4,14,3,6,0,0,7,0,0,1,2,8,3,1,4,0,1,0,2,5,3,2
944,5,0,1,6,2,2,14,3,6,6,5,7,0,0,3,2,9,2,1,2,0,1,1,2,5,10,2
944,5,1,1,0,0,3,5,3,6,4,0,7,0,0,3,2,8,2,1,1,3,2,5,3,5,12,2
74,6,1,1,2,0,4,5,3,6,1,5,7,0,0,3,2,8,1,1,2,0,1,1,2,5,12,2
210,6,1,1,4,0,0,7,3,6,4,5,7,2,0,3,2,8,1,1,2,1,0,4,2,5,12,2
210,6,1,1,4,0,3,0,3,6,6,5,7,0,0,0,2,8,2,3,2,3,2,5,3,5,0,2
210,6,1,1,4,2,3,0,3,9,6,5,7,0,0,0,2,8,2,3,2,3,2,5,3,5,9,2
114,4,0,1,4,0,3,15,3,9,1,5,7,0,0,0,2,8,2,3,9,0,1,0,2,5,3,2
114,4,0,1,4,0,5,5,3,7,1,5,7,0,0,0,2,8,2,3,0,3,2,5,3,5,5,2
566,6,0,1,4,0,0,7,3,2,4,5,7,0,3,0,4,8,2,1,0,0,1,1,2,5,1,2
566,6,0,1,3,2,0,0,3,1,6,5,7,0,3,0,4,8,2,1,0,1,0,1,2,5,12,2
1046,0,1,1,4,2,4,11,3,4,4,5,7,0,0,3,2,1,3,1,0,3,2,5,3,5,1,2
1046,0,0,1,4,2,0,14,3,9,6,5,7,0,0,3,2,2,3,1,4,3,2,5,3,5,4,2
260,6,0,1,4,2,1,0,3,9,6,8,7,0,0,3,2,2,3,1,0,2,0,4,2,7,9,2
260,6,2,1,5,2,2,5,3,6,0,5,7,0,0,3,2,8,1,1,9,1,0,1,2,5,12,1
251,0,1,1,5,2,3,7,3,0,4,5,7,2,0,3,2,8,2,1,0,1,0,3,2,5,10,2
251,0,1,1,4,2,1,10,3,13,6,5,7,0,0,3,2,8,2,1,0,3,2,5,3,5,3,2
715,5,4,1,1,2,3,7,3,4,6,5,7,0,3,3,2,8,1,1,0,3,2,5,3,5,0,2
715,5,2,0,6,2,2,7,3,9,3,5,7,0,0,0,2,8,1,3,0,0,0,0,2,5,12,2
917,4,0,1,4,2,2,12,0,9,4,5,7,0,0,0,2,2,1,3,0,0,1,2,2,5,12,2
917,4,1,1,4,2,2,5,3,7,4,5,7,0,0,0,2,8,1,3,4,0,1,0,2,5,10,2
945,4,0,1,4,2,4,5,0,9,6,5,7,0,0,3,2,8,1,1,2,0,1,1,2,5,4,2
945,4,1,1,4,2,1,8,3,10,4,1,7,0,3,0,4,8,2,1,2,2,0,4,1,0,3,2
1007,6,1,1,1,0,1,4,3,10,4,1,7,0,3,0,4,8,2,1,4,0,1,1,2,5,3,2
1007,6,1,1,4,0,1,0,3,6,0,5,7,3,3,2,2,8,1,1,2,3,2,5,3,5,1,1
364,5,2,1,4,0,1,0,3,9,4,1,7,0,0,3,2,8,1,1,2,0,1,0,2,5,3,2
715,0,0,1,4,0,2,8,3,9,6,5,7,0,0,0,2,1,1,1,2,3,2,5,3,5,0,2
715,0,0,1,4,0,2,0,3,5,6,5,7,0,3,0,4,1,2,1,2,2,1,3,2,6,3,1
715,0,0,1,4,0,3,7,3,9,6,5,7,0,3,0,4,2,2,1,2,0,1,0,2,5,3,1
715,0,0,1,1,0,2,5,3,2,6,5,7,0,3,0,2,1,1,2,7,3,2,5,3,5,5,1
831,2,0,1,4,0,2,10,3,6,4,5,7,0,3,0,2,8,1,2,3,0,1,3,2,5,3,1
1046,5,2,1,4,0,3,8,3,6,2,7,7,0,3,0,4,8,1,4,5,3,2,5,3,5,10,2
1046,5,4,1,1,2,2,14,0,6,2,0,7,0,3,0,4,8,1,4,2,2,1,1,1,1,3,2
1046,5,4,1,4,2,2,7,3,7,4,7,7,0,3,0,4,2,1,4,2,0,1,1,2,5,4,2
1046,5,4,1,4,0,2,8,3,7,4,5,7,0,3,0,4,2,1,4,2,3,2,5,3,5,16,2